-- phpMyAdmin SQL Dump
-- version 5.2.0
-- https://www.phpmyadmin.net/
--
-- Host: 127.0.0.1
-- Generation Time: Mar 17, 2023 at 11:11 PM
-- Server version: 10.4.27-MariaDB
-- PHP Version: 8.2.0

SET SQL_MODE = "NO_AUTO_VALUE_ON_ZERO";
START TRANSACTION;
SET time_zone = "+00:00";


/*!40101 SET @OLD_CHARACTER_SET_CLIENT=@@CHARACTER_SET_CLIENT */;
/*!40101 SET @OLD_CHARACTER_SET_RESULTS=@@CHARACTER_SET_RESULTS */;
/*!40101 SET @OLD_COLLATION_CONNECTION=@@COLLATION_CONNECTION */;
/*!40101 SET NAMES utf8mb4 */;

--
-- Database: `qwf`
--

-- --------------------------------------------------------

--
-- Table structure for table `acadyear`
--

CREATE TABLE `acadyear` (
  `id` int(11) NOT NULL,
  `Ayear` varchar(100) NOT NULL
) ENGINE=InnoDB DEFAULT CHARSET=utf8mb4 COLLATE=utf8mb4_general_ci;

-- --------------------------------------------------------

--
-- Table structure for table `actdocuments`
--

CREATE TABLE `actdocuments` (
  `DocID` int(11) NOT NULL,
  `GeneralActID` varchar(100) NOT NULL,
  `DocName` varchar(100) NOT NULL
) ENGINE=InnoDB DEFAULT CHARSET=utf8mb4 COLLATE=utf8mb4_general_ci;

-- --------------------------------------------------------

--
-- Table structure for table `activieminplan`
--

CREATE TABLE `activieminplan` (
  `id` int(11) NOT NULL,
  `AYID` int(11) NOT NULL,
  `StdID` int(11) NOT NULL,
  `EvalPointerID` int(11) NOT NULL,
  `ActID` int(11) NOT NULL,
  `Responsible` varchar(100) NOT NULL,
  `DateFrom` date NOT NULL,
  `DateTo` date NOT NULL,
  `FolderPath` varchar(100) NOT NULL
) ENGINE=InnoDB DEFAULT CHARSET=utf8mb4 COLLATE=utf8mb4_general_ci;

-- --------------------------------------------------------

--
-- Table structure for table `activites`
--

CREATE TABLE `activites` (
  `id` int(11) NOT NULL,
  `actv` varchar(250) NOT NULL,
  `manager` varchar(250) NOT NULL,
  `from` varchar(100) NOT NULL,
  `to` varchar(100) NOT NULL,
  `output` varchar(1000) NOT NULL,
  `goalID` int(11) NOT NULL,
  `pointerID` int(11) NOT NULL,
  `stdID` int(11) NOT NULL
) ENGINE=InnoDB DEFAULT CHARSET=utf8mb4 COLLATE=utf8mb4_general_ci;

--
-- Dumping data for table `activites`
--

INSERT INTO `activites` (`id`, `actv`, `manager`, `from`, `to`, `output`, `goalID`, `pointerID`, `stdID`) VALUES
(29, 'عقد ورش حول اعداد تحديث رؤيه ورساله الكلية ( 2019ـ 2024 ) بمشاركة الأطراف المعنية ( أعضاء هيئة التدريس ـ جهاز إدارى ـ طلاب ـ خريجون)', 'رئيس لجنة التخطيط وتقييم الأداء ،\nرئيس لجنة التدريب  والدعم الفنى والمسئولية المجتمعية\n', 'اكتوبر 2021', 'نوفمبر 2021', 'مستندات ورش العمل  ـ أعضاء هيئة التدريس والهيئة المعاونة  ـ الجهاز الإدارى ـ الطلاب ـ المجتمع المدنى', 3, 3, 1),
(30, 'إستطلاع رآى  الأطراف المعنية فى صياغة رؤية ورسالة  الكلية الحديثة (2019ـ 2024 )(أعضاءهيئة التدريس ـجهاز إدارى ـ طلاب ـ خريجون ـ أولياء أمور الطلاب ـ ممثلى المجتمع المدنى )', 'مدير وحدة ضمان الجودة  ، رئيس لجنة التخطيط وتقييم الأداء', 'اكتوبر 2021', 'نوفمبر  2021', 'نتائج إستطلاعات  الرآى  فى صياغة رؤية ورسالة  الكلية الحديثة ( 2019ـ 2024 ) ـ تقرير عن  صياغة رؤية ورسالة  الكلية الحديثة ', 3, 3, 1),
(31, 'إعداد إحصائية عن مستوى المشاركة في صياغة  مراجعة رؤية ورسالة الكلية  ( 2019ـ 2024 ) ', 'مدير وحدة ضمان الجودة ، رئيس لجنة التخطيط وتقييم الأداء', 'نوفمبر 2021', 'نوفمبر 2021', 'إحصائية  موثقة عن مستوى المشاركة في صياغة  مراجعة رؤية ورسالة الكلية من جانب مختلف الأطراف داخل الكلية  وخارجها', 3, 3, 1),
(32, 'اعتماد  تحديث رؤية ورسالة الكلية  من مجلس الكلية ', 'مدير وحدة ضمان الجودة  ، رئيس لجنة التخطيط وتقييم الأداء', 'نوفمبر 2021', 'نوفمبر  2021', 'وثيقه  تحديث رؤيه ورساله كليه نظم المعلومات وعلوم الحاسب ( 2019ـ 2024 ) ومحضر مجلس الكلية ', 3, 3, 1),
(33, 'إعلان رؤية ورسالة الكلية', 'رئيس لجنة التدريب  والدعم الفنى والمسئولية المجتمعية', 'ديسمبر 2021', 'ديسمبر 2021', 'نماذج من نشر رؤية ورسالة الكلية  ـ الموقع الإلكترونى ـ اللوحات الجدارية بمبنى الكلية ـ مطويات التوعية ', 3, 3, 1),
(34, 'عقد ورش عمل للتوعية برؤية ورسالة الكلية الحديثة  ( أعضاء هيئة التدريس ـ جهاز إدارى ـ طلاب ـ خريجون ـ ممثلى المجتمع مدنى )', 'رئيس لجنة التخطيط وتقييم الأداء ، رئيس لجنة التدريب  والدعم الفنى والمسئولية المجتمعية', 'يناير 2022', 'يناير 2022', 'مستندات ورش العمل  ـ أعضاء هيئة التدريس والهيئة المعاونة  ـ الجهاز الإدارى ـ الطلاب ـ المجتمع المدنى ', 3, 3, 1),
(35, 'إعداد بيان تحليلى عن  نص رسالة الكلية لبيان دورها التعليمي والبحثي ومسئوليتها المجتمعية ', 'مدير وحدة ضمان الجودة  ، رئيس لجنة التخطيط وتقييم الأداء', 'نوفمبر 2019', 'نوفمبر 2019', 'وئيقة تحليل  نص رسالة الكلية لبيان دور الكلية   لتعكس دورها التعليمي والبحثي ومسئوليتها المجتمعية ومحضر مجلس الكلية', 4, 4, 1),
(36, 'إعداد بيان بمدى اسهام رسالة الكلية في تحقيق رسالة الجامعة', 'مدير وحدة ضمان الجودة  ، رئيس لجنة التخطيط وتقييم الأداء', 'نوفمبر 2021', 'نوفمبر 2021', 'ـ رسالة الجامعة  ـ وئيقة  بيان بمدى اسهام رسالة الكلية في تحقيق رسالة الجامعة  ومحضر مجلس الكلية', 4, 4, 1),
(37, 'إعداد تشكيل فريق عمل لاعداد الخطه الاستراتيجيه', 'عميد الكلية ، مدير وحدة ضمان الجودة', 'أغسطس 2021', 'أغسطس 2021', 'وثيقة تشكيل فريق عمل لاعداد الخطه الاستراتيجيه  ( 2019ـ 2024 )', 5, 5, 1),
(38, 'عقد ورشه عمل للتوعيه بالتخطيط الإستراتيجى فى مؤسسات التعليم العالى  ', 'رئيس لجنة التخطيط وتقييم الأداء ، رئيس لجنة التدريب  والدعم الفنى والمسئولية المجتمعية', 'اكتوبر 2021', 'اكتوبر 2021', 'مستندات ورش العمل ', 5, 5, 1),
(39, 'إعداد منهجية إعداد الخطة الاستراتيجية للكلية ', 'مدير وحدة ضمان الجودة  ، رئيس لجنة التخطيط وتقييم الأداء', 'اكتوبر 2021', 'اكتوبر 2021', 'وثيقة منهجية إعداد الخطة الاستراتيجية للكلية ومدى اكتمال عناصرها الرئيسية ومحضر مجلس الكلية', 5, 5, 1),
(40, 'إعداد بيان أوجه الارتباط بين الخطة الاستراتيجية للكلية والخطة الاستراتيجية للجامعة', 'مدير وحدة ضمان الجودة  ، رئيس لجنة التخطيط وتقييم الأداء', 'نوفمبر 2021', 'نوفمبر 2021', 'وثيقة بيان أوجه الارتباط بين الخطة الاستراتيجية للكلية والخطة الاستراتيجية للجامعة الخطة الإستراتيجية للجامعة ', 5, 5, 1),
(41, ' اعتماد الخطة الاستراتيجية من مجلس الكلية ', 'عميد الكلية ، مدير وحدة ضمان الجودة', 'ديسمبر 2021', 'ديسمبر 2021', 'وثيقة الخطة الاستراتيجية للكلية ( 2019ـ 2024 ) ومحضر مجلس الكلية', 5, 5, 1),
(42, 'عقد ورش عمل لعرض   الخطة الاستراتيجية للكلية( 2019ـ 2024 )', 'رئيس لجنة التخطيط وتقييم الأداء ، رئيس لجنة التدريب  والدعم الفنى والمسئولية المجتمعية', 'اكتوبر 2021', 'اكتوبر 2021', 'مستندات ورش العمل للأطراف المعنية ', 5, 5, 1),
(45, 'إعداد آليات تغطية التحليل البيئي للبيئة الداخلية والخارجية ', 'رئيس لجنة التخطيط وتقييم الأداء , فريق إعداد الخطة الإستراتيجية', 'اكتوبر 2021', 'اكتوبر 2021', 'وثيقة آليات  تغطية التحليل البيئي للبيئة ( النشاط من التعليم والبحث العلمي وخدمة المجتمع ) ومحضر مجلس الكلية', 6, 6, 1),
(46, 'إعداد نماذج  إجراء التحليل البيئى ', 'رئيس لجنة التخطيط وتقييم الأداء , فريق إعداد الخطة الإستراتيجية', 'نوفمبر 2021', 'نوفمبر 2021', 'ـ نماذج إستبيانات  التحليل البيئى المستخدمة لكافة الفئات داخليا وخارجيا  ـ نموذج تقييم  الموارد المادية Norms ـ  إحصائيات الفاعلية التعليمية والبحث العلمى وخدمة المجتمع ', 6, 6, 1),
(47, 'عقد إجتماعات حلقات النقاش ( عصف ذهنى ) لإعداد خطة الكلية الإستراتيجية ', 'رئيس لجنة التخطيط وتقييم الأداء , فريق إعداد الخطة الإستراتيجية', 'سبتمبر 2021', 'سبتمبر 2021', 'ـ نماذج تقارير إجتماعات حلقات النقاش  ( عصف ذهنى ) لفريق إعداد الخطة ', 6, 6, 1),
(48, 'إعداد  تقارير و إحصائيات الفاعلية التعليمية والبحث العلمى وخدمة المجتمع للسنوات السابقة ', 'رئيس لجنة التخطيط وتقييم الأداء , فريق إعداد الخطة الإستراتيجية', 'سبتمبر 2021', 'سبتمبر 2021', 'ـ تقرير الخطط التنفيذية السابقة2014ـ2019  ـ إحصائيات  نتائج الإمتحانات السابقة  ـ إحصائيات  تقييم الطلاب للمقررات الدراسية  ـ لإحصائيات رضا الطلاب عن الخدمة الجامعية ', 6, 6, 1),
(49, 'إعداد بيان بالأنشطة التى لم يتم إنجازها بالخطط  التنفيذية لإستراتيجية الكلية السابقة ', 'رئيس لجنة التخطيط وتقييم الأداء , فريق إعداد الخطة الإستراتيجية', 'سبتمبر 2021', 'سبتمبر 2021', 'بالأنشطة التى لم يتم إنجازها بالخطط  التنفيذية لإستراتيجية الكلية السابقة 2014ـ2019', 6, 6, 1),
(50, 'تحليل إحصائى لإستطلاع رآى التحليل الأطراف المعنية داخليا وخارجيا ', ' فريق إعداد الخطة الإستراتيجية', 'اكتوبر 2021', 'نوفمبر 2021', 'وثيقة نتائج التحليل البيئى الرباعى ( قوة /ضعف وفرص وتهديدات ) ومحضر مجلس الكلية', 6, 6, 1),
(51, 'عقد ورش عمل لعرض نتائج التحليل البيئى (أعضاء هيئة التدريس ـ جهاز إدارى ـ طلاب خريجون ـ ممثلى المجتمع مدنى  )', 'فريق إعداد الخطة الإستراتيجية ، رئيس لجنة التدريب  والدعم الفنى والمسئولية المجتمعية', 'اكتوبر 2021', 'اكتوبر 2021', 'مستندات ورش العمل  ـ تقرير عن عرض ومناقشة  نتائج التحليل البيئى مع الأطراف المعنية ', 6, 6, 1),
(52, 'إعداد إحصائية عن مستوى المشاركة في التحليل البيئي داخليا وخارجيا ', '-	فريق إعداد الخطة الإستراتيجية', 'اكتوبر 2021', 'اكتوبر 2021', 'وثيقة عن مستوى المشاركة في التحليل البيئي من جانب مختلف الأطراف داخل الكلية وخارجها. ومحضر مجلس الكلية', 6, 6, 1),
(54, 'إعداد وصياغة الغايات الآهداف الاستراتيجية للكلية.', 'فريق إعداد الخطة الإستراتيجي', 'سبتمبر 2021', 'سبتمبر 2021', 'وثيقة  الغايات النهائية  الآهداف الاستراتيجية  ومحضر مجلس الكلية', 7, 7, 1),
(55, 'عقد ورشة  لتحديد أولويات الآهداف الاستراتيجية للكلية.( أعضاء هيئة التدريس ـ الهيئة المعاونة ) ', 'رئيس لجنة التخطيط وتقييم الأداء , فريق إعداد الخطة الإستراتيجية', 'سبتمبر 2021', 'سبتمبر 2021', 'مستندات ورش العمل ', 7, 7, 1),
(56, 'عقد ورشة عمل موحدة ( داخليا وخارجيا لعرض رؤية ورسالة الكلية ونتائج التحليل البيئى والغايات والأهداف الإستراتيجية للكلية ', 'رئيس لجنة التخطيط وتقييم الأداء , فريق إعداد الخطة الإستراتيجية', 'سبتمبر 2021', 'سبتمبر 2021', 'مستندات ورش العمل ', 7, 7, 1),
(57, 'إعداد بيان تحليلى  لمدى ارتباط الأهداف الاستراتيجية بنتائج التحليل البيئي', 'فريق إعداد الخطة الإستراتيجي', 'اكتوبر 2021', 'اكتوبر 2021', 'ـ وثيقة  بيان تحليلى  لمدى ارتباط الأهداف الاستراتيجية بنتائج التحليل البيئي ومحضر مجلس الكلية ـ تحليل الفجوة ', 7, 7, 1),
(58, 'إعداد بيان تحليلى  لمدى إسهام الغايات والأهداف الاستراتيجية في تحقيق رسالة الكلية ', 'فريق إعداد الخطة الإستراتيجي', 'اكتوبر 2021', 'اكتوبر 2021', 'وثيقة بيان تحليلى  لمدى إسهام الغايات والأهداف الاستراتيجية في تحقيق رسالة الكلية  ومحضر مجلس الكلية ـ نماذج من  مقررات التعليم الإلكترونى  ـ  نماذج من الأبحاث العلمية الحديثة  ـ نماذج من إتفاقيات التدريب الحديثة مع مؤسسالت المجتمع المدنى  ', 7, 7, 1),
(59, 'نشر الغايات والأهداف الاستراتيجية للكلية ', 'رئيس لجنة التدريب  والدعم الفنى والمسئولية المجتمعية', 'نوفمبر 2021', 'نوفمبر 2021', 'ـ صورة من نشر  الغايات والأهداف على الموقع الإلكتروتى للكلية  ـ مطويات توعية  بالغايات والأهداف ', 7, 7, 1),
(60, 'إعداد الخطط التنفيذية إستراتيجية الكلية', 'فريق إعداد الخطة الإستراتيجي', 'نوفمبر 2021', 'نوفمبر 2021', 'ـ خطط تنفيذيه لتطبيق استراتيجيه الكلية 2019ـ 2024', 8, 8, 1),
(61, 'تحديد الاطار المالى والزمني للخطط التنفيذية', 'فريق إعداد الخطة الإستراتيجي', 'نوفمبر 2021', 'نوفمبر 2021', 'ـ ميزانية الكلية من الجامعة محددة بنود الصرف 2021/2022 ـ بيان بإيرادات الموارد الذاتية 2021/2022 ـ مصفوفة  الإطار المالى للخطط التنفيذية  ـ  مصفوفة  الإطار الزمنى  للخطط التنفيذية', 8, 8, 1),
(62, 'اعداد وثيقه اداره المخاطر بالخطه التنفيذيه للخطه الاستراتيجيه الكلية 2019ـ 2024', 'مدير وحدة ضمان الجودة ، فريق إعداد الخطة الاستراتيجية', 'نوفمبر 2021', 'نوفمبر 2021', 'وثيقه اداره المخاطر بالخطه التنفيذيه للخطة الاستراتيجيه ومحضر مجلس الكلية', 8, 8, 1),
(63, 'إعداد خطط التنفيذية سنوية منبثقة من الخطة التنفيذية الخمسية ', 'فريق إعداد الخطة الإستراتيجي', 'نوفمبر 2021', 'نوفمبر 2021', 'ـ خطط التنفيذية سنوية منبثقة من الخطة التنفيذية الخمسية', 8, 8, 1),
(64, 'تحديث آليات التنفيذ والمتابعه والتقييم للخطه التنفيذية', 'مدير وحدة ضمان الجودة ، فريق إعداد الخطة الاستراتيجية', 'نوفمبر 2021', 'نوفمبر 2021', 'وثيقة  تحديث آليات التنفيذ والمتابعه والتقييم للخطة التنفيذيه ومحضر مجلس الكلية', 9, 9, 1),
(65, 'اعداد التقرير السنوي عن الخطه التنفيذيه لتطبيق الخطه الاستراتيجيه', 'مدير وحدة ضمان الجودة  ، رئيس لجنة التخطيط وتقييم الأداء', 'ديسمبر 2022', 'ديسمبر 2022', 'وثيقة  التقرير السنوي عن الخطه التنفيذيه لتطبيق الخطه الاستراتيجيه ومحضر مجلس الكلية', 9, 9, 1),
(66, 'إعداد ملخص  لتقارير متابعة الخطط التنفيذية', 'مدير وحدة ضمان الجودة  ، رئيس لجنة التخطيط وتقييم الأداء', 'ديسمبر 2022', 'ديسمبر 2022', 'ملخص  لتقارير متابعة الخطط التنفيذية', 9, 9, 1),
(67, 'عقد لقاء مع القيادات الأكاديمية بالكلية لعرض ملخص تقرير الخطة  والإجراءات التصحيحية المناسبة', 'مدير وحدة ضمان الجودة  ، رئيس لجنة التخطيط وتقييم الأداء', 'ديسمبر 2022', 'ديسمبر 2022', 'مستندات لقاء القيادات الأكاديمية بالكلية لعرض ملخص تقرير الخطة  والإجراءات التصحيحية المناسبة', 9, 9, 1),
(68, 'عقد ورشة عمل عن معايير اختيارات القيادات الاكاديميه  للآطراف المختلفة داخل الكلية. ( أعضاء هيئة التدريس والهيئة المعاونة ـ أعضاء الجهاز الإدارى )', 'رئيس لجنة التدريب  والدعم الفنى والمسئولية المجتمعية  ', 'دوريّاً', 'دوريّاً', 'ـ مستندات ورش عمل لتوعية أعضاء هيئة التدريس وأعضاء الجهاز الإدرى بمعايير اختيار القيادات الأكاديمية والإدارية ومطوية توعية', 11, 11, 2),
(69, 'حصر قررات تعيين القيادات الأكاديمية', 'منسق معيار القيادة والحوكمة', 'نوفمبر 2021', 'نوفمبر 2021', 'ـ قررات موثقة لتعيين القيادات الأكاديمية ـ نسخة من مهام ومسئوليات القيادات الأكاديمية  والإدارية بكتيب  دليل التوصيف الوظيفى  ـ السير الذاتية للقيادات الأكاديمية بالكلية ومديرى الوحدات', 11, 11, 2),
(70, 'حصر نماذج من  تفويض السلطات بالكلية.', 'منسق معيار القيادة والحوكمة', 'ابريل 2022', 'ابريل 2022', 'ـ وثيقة  ضمانات تداول وتفويض السلطات بالكلية ومحضر مجلس الكلية. ـ نماذج موثقة من  تفويض السلطات بالكلية', 11, 11, 2),
(71, 'حصر نماذج تدريب القيادات ', '-	رئيس لجنة التدريب  والدعم الفنى والمسئولية المجتمعية  ', 'يوليو 2022', 'يوليو 2022', 'نماذج تدريب القيادات بمركز ضمان الجودة بالجامعة ( شهادات مشاركة القيادات الأكاديمة والإدارية فى البرامج التدريبية )', 12, 12, 2),
(72, 'إعداد تقرير عن خطة التوعية التدريب بالكلية للقيادات الأكاديمية ', 'رئيس لجنة التدريب  والدعم الفنى والمسئولية المجتمعية  ', 'يوليو 2022', 'يوليو 2022', 'تقرير موثق عن خطة التوعية التدريب بالكلية تتضمن (تتضمن للقيادات الأكاديمية 2021/2022  ) ومحضر مجلس الكلية', 12, 12, 2),
(73, 'احصاء عدد المستفيدين من  التدريب للقيادات الاكاديميه خلال عام العام الجامعي', 'رئيس لجنة التدريب  والدعم الفنى والمسئولية المجتمعية  ', 'يوليو 2022', 'يوليو 2022', 'إحصائية موثقة عن عدد المستفيدين من التدريب للقيادات الاكاديميه خلال عام العام الجامعي 2021/2022 ومحضر مجلس الكلية', 12, 12, 2),
(74, 'حصر قر ارات تعيين رؤساء  اللجان الرسمية بالكلية ', 'منسق معيار القيادة والحوكمة', 'يوليو 2022', 'يوليو 2022', 'قرارات تشكيل اللجان  المحدثة تتضمن قيادات حديثة', 12, 12, 2),
(75, 'حصر تقارير الأداء للفئات المختلفة من القيادات الأكاديمية والإدارية  2021/2022  ', 'منسق معيار القيادة والحوكمة', 'يونيو 2022', 'يونيو 2022', 'نماذج من تقارير الأداء للفئات المختلفة من القيادات الأكاديمية والإدارية  بالكلية 2021/2022  ', 13, 13, 2),
(76, 'استطلاع رأي اعضاء هيئه التدريس والهيئه المعاونه و الجهاز الاداري عن نمط القياده 2021/2022 وإجراء التحليل احصائي', 'رئيس لجنة التخطيط وتقييم الأداء ، منسق معيار القيادة والحوكمة', 'ابريل 2022', 'مايو 2022', 'نتائج استبيانات عن نمط القيادة لأعضاء هيئة التدريس والهيئة المعاونة  والجهاز الإدارى بالكلية للعام الجامعى 2021/2022  والإجراءات التعزيزية والتصحيحية', 13, 13, 2),
(77, 'حصر نماذج  الإستفادة من نتائج الإستطلاع نمط القيادة بالكلية', 'رئيس لجنة التخطيط وتقييم الأداء ، منسق معيار القيادة والحوكمة', 'مايو 2022', 'مايو 2022', 'نماذج  الإستفادة من نتائج الإستطلاع نمط القيادة بالكلية\nـ قرارات الدعم الأكاديمى \nـ  قرار اعتماد الخطة الإستراتيجية حديثة للكلية  \nـ شراء أجهزة حاسب  ( أحدث المواصفات)  \nـ بيان ة قوائم الكتب والمراجع الحديثة فى مجال نظم المعلومات وعلوم الحاسب  إلى المكتبة المركزية  \nـ قرارات برتوكلات التعاون لتدريب الطلاب بالمؤسسات ذات الصلة بدراسة الكلية  \nـ قرارات مجلس التأديب \nـ نماذج من  الدعم المالى ( مكأفا مالية ) \nـ نماذج من الدعم المعنوى ( شهادات تكريم )\n', 13, 13, 2),
(78, 'مراجعة وتحديث سياسات وآليات الكلية فى التعامل مع مشكلات التعليم ', 'رئيس لجنة تطوير البرامج التعليمية , منسق معيار القيادة والحوكمة', 'مايو 2022', 'يونيو 2022', 'وثيقة مراجعة تحديث سياسات وآليات الكلية فى التعامل مع مشكلات التعليم ومحضر مجلس الكلية ', 14, 14, 2),
(79, 'حصر نماذج من ممارسات تطبيق السياسات المتبعة في التعامل مع العدادية  للعام الجامعى 2021/2022  ', 'رئيس لجنة تطوير البرامج التعليمية , منسق معيار القيادة والحوكمة', 'مايو 2022', 'يونيو 2022', 'نماذج من ممارسات تطبيق السياسات المتبعة في التعامل مع العدادية', 14, 14, 2),
(80, 'حصر نماذج من ممارسات تطبيق السياسات المتبعة في التعامل مع نقص أو زيادة أعضاء هيئة التدريس ', 'رئيس لجنة التخطيط وتقييم الأداء ، منسق معيار القيادة والحوكمة', 'مارس 2022', 'ابريل 2022', 'قرارات زيادة عدد المعينين من أعضاء هيئة  التدريس والمنتدبين للعام الجامعى2021/2022', 14, 14, 2),
(81, 'متابعة خطة زيادة عدد المعينين من أعضاء هيئة التدريس وتعيين معيدين بالكلية للعام الجامعى 2021/2022  ', 'رئيس لجنة التخطيط وتقييم الأداء ، منسق معيار القيادة والحوكمة', 'اكتوبر 2021', 'اكتوبر 2021', 'قرارات تعيين معيدين بالكلية', 14, 14, 2),
(82, 'حصر نماذج من ممارسات تطبيق السياسات المتبعة في التعامل مع الكتاب الجامعى للعام الجامعى 2021/2022  ', 'رئيس لجنة التخطيط وتقييم الأداء ، منسق معيار القيادة والحوكمة', 'مايو 2022', 'يونيو 2022', 'نماذج من فعاليات تطبيق لائحة الكتاب الجامعى للعام الجامعى 2021/2022   ', 14, 14, 2),
(83, 'حصر نماذج من ممارسات تطبيق السياسات المتبعة في التعامل مع زيادة الموارد المالية  الجامعى 2021/2022  ', 'رئيس لجنة التخطيط وتقييم الأداء ، منسق معيار القيادة والحوكمة', 'مايو 2022', 'يونيو 2022', 'ـ نماذج من زيادة عدد القاعات التدريسية ومعامل الحاسب  ـ  نماذج من قرارات شراء أجهزة حاسب  ( أحدث المواصفات)  ', 14, 14, 2),
(84, 'حصر نماذج من ممارسات تطبيق السياسات المتبعة في التعامل حضور وغياب الطلاب  للعام الجامعى 2021/2022  ', 'رئيس لجنة التخطيط وتقييم الأداء ، منسق معيار القيادة والحوكمة', 'ابريل 2022', 'مايو 2022', 'نمذج من كشوف متابعة الحضور والغياب  ـ نماذج من الإنذارات بالفصل والحرمان من دخول الإمتحان  ', 14, 14, 2),
(85, 'حصر نماذج من ممارسات تطبيق السياسات المتبعة في التعامل الدروس الخصوصية   للعام الجامعى 2021/2022  ', 'رئيس لجنة تطوير البرامج التعليمية , منسق معيار القيادة والحوكمة', 'ابريل 2022', 'مايو 2022', 'نماذج من التوقيع على إقرارات  عدم إعطاء دروس خصوصية لأعضاء هيئة التدريس والهيئة المعاونة   ـ مطوية المسائلة والمحاسبة لأعضاء هيئة التدريس والهيئة المعاونة', 14, 14, 2),
(86, 'إعداد قائمة بالقييم الجوهرية لكلية نظم المعلومات وعلوم الحاسب بجامعة 6 أكتوبر  .', 'رئيس لجنة التخطيط وتقييم الأداء ، منسق معيار القيادة والحوكمة', 'سبتمبر 2021', 'اكتوبر 2021', 'وثيقة قائمة القيم الجوهرية والاخلاقيات المهنية لكلية نظم المعلومات وعلوم الحاسب بجامعة 6 أكتوبر  ', 15, 15, 2),
(89, 'إعداد دليل عن آخلاقيات المهنة  بكلية نظم المعلومات وعلوم الحاسب بالجامعة 6 أكتوبر', 'رئيس لجنة التخطيط وتقييم الأداء ، منسق معيار القيادة والحوكمة', 'ديسمبر 2021', 'يناير 2022', 'وثيقة دليل عن آخلاقيات المهنة  بكلية نظم المعلومات وعلوم الحاسب بالجامعة 6 أكتوبر ومحضر مجلس الكلية ', 15, 15, 2),
(90, 'نشر دليل عن آخلاقيات المهنة على الموقع الإلكترونى للكلية   ', 'رئيس لجنة التخطيط وتقييم الأداء ، منسق معيار القيادة والحوكمة', 'مارس 2022', 'مارس 2022', 'صور من نشر دليل عن آخلاقيات المهنة على الموقع الإلكترونى للكلية   ', 15, 15, 2),
(91, 'عقد ورش عمل عن دليل عن آخلاقيات المهنة  وتصميم مطويات توعية ', 'رئيس لجنة التخطيط وتقييم الأداء ، منسق معيار القيادة والحوكمة', 'دوريّاً', 'دوريّاً', 'مستندات ورش العمل ', 15, 15, 2),
(92, 'حصر نماذج تطبيق آخلاقيات المهنة  ', '', 'دوريّاً', 'دوريّاً', 'ـ نماذج من تطبيق قواعد الترقيات على جميع اعضاء هيئة التدريس والجهاز الإدارى  ـ بيان متوسط العبئ التدريس لعضو هيئة التدريس والهيئة المعاونة ـ نماذج من تحديد يوم واحد للتفرغ لاعضاء هيئة التدريس والهيئة المعاونة ـ نماذج لتفعيل اجراءات عدم تعارض المصالح  ـ بيان توزيع أعباء أعمال الكنترول  وجداول المراقبات ـ قواعد كنترول الكلية ( عدم السماح لاى عضو هيئة تدريس بالتصحيح  خارج الكلية )', 15, 15, 2),
(93, 'إعداد دليل عن آخلاقيات البحث العلمى  بكلية نظم المعلومات وعلوم الحاسب بالجامعة 6 أكتوبر  ', 'منسق معيار القيادة والحوكمة', 'أغسطس 2021', 'سبتمبر  2021', 'وثيقة دليل أخلاقيات البحث العلمي بكلية نظم المعلومات وعلوم الحاسب بالجامعة 6 أكتوبر ومحضر مجلس الكلية', 15, 15, 2),
(94, 'عقد ورش عمل للتوعية بدليل أخلاقيات البحث العلمي للكلية وتصميم مطويات توعية', 'رئيس لجنة التدريب والدعم الفنى والمسئولية المجتمعية ', 'دوريّاً', 'دوريّاً', 'مستندات ورش العمل', 15, 15, 2),
(95, 'نشر دليل عن آخلاقيات البحث العلمى على الموقع الإلكترونى للكلية   ', 'منسق الموقع الإلكترونى ', 'مارس 2022', 'مارس 2022', 'صور من نشر دليل عن آخلاقيات البحث العلمى على الموقع الإلكترونى للكلية   ', 15, 15, 2),
(96, 'حصر نماذج تطبيق فعاليات مهام لجنة أخلاقيات البحث العلمى بالكلية ', 'منسق معيار القيادة والحوكمة', 'مايو  2022', 'مايو  2022', 'ـ نماذج من نماذج تطبيق مراقبة الحفاظ على حقوق الملكية الفكرية ونسبة الإكتباس  ( رسائل ماجستير ـ رسائل دكتوراه )ـ نماذج من تكليف الطلاب بالبحوث العلمية و كتابة المراجع العلمية وتقليل نسبة الإكتباس ', 15, 15, 2),
(97, 'إعداد دليل عن سلوكيات وآداب الطالب الجامعى  بكلية نظم المعلومات وعلوم الحاسب بالجامعة 6 أكتوبر', 'منسق معيار القيادة والحوكمة', 'يوليو 2022', 'يوليو 2022', 'وثيقة دليل عن سلوكيات وآداب الطالب الجامعى  بكلية نظم المعلومات وعلوم الحاسب بالجامعة 6 أكتوبر ومحضر مجلس الكلية', 15, 15, 2),
(98, 'عقد ورش عمل للتوعية  دليل سلوكيات وآداب الطالب الجامعى وتصميم مطويات توعية', 'منسق معيار القيادة والحوكمة', 'دوريّاً', 'دوريّاً', 'مستندات ورش العمل', 15, 15, 2),
(99, 'نشر  دليل سلوكيات وآداب الطالب الجامعي على الموقع الإلكتروني للكلية   ', 'منسق معيار القيادة والحوكمة', 'مارس 2022', 'مارس 2022', 'صور من نشر دليل سلوكيات وآداب الطالب الجامعى على الموقع الإلكترونى للكلية ', 15, 15, 2),
(100, 'عقد ورش عمل للتوعية بحقوق الملكية الفكرية', 'رئيس لجنة التدريب  والدعم الفنى والمسئولية المجتمعية ', 'دوريّاً', 'دوريّاً', 'مستندات ورش العمل', 15, 15, 2),
(101, 'حصر  الإعلان عن إرشادات للمترددين على المكتبة المركزية', 'منسق معيار القيادة والحوكمة', 'يونيو 2022', 'يونيو 2022', 'نماذج من الإعلان عن إرشادات للمترددين على المكتبة المركزية بجامعة 6 أكتوبر ', 15, 15, 2),
(102, 'إستطلاع رآى أعضاء هيئة التدريس والهيئة المعاونة والطلاب عن إجراءات الكلية للمحافظة على حقوق الملكية الفكرية  الإجراءات التصحيحية  للعام الجامعى 2021/2022  ', 'منسق معيار القيادة والحوكمة', 'ابريل 2022', 'مايو 2022', 'وثيقة نتائج إستطلاع رآى  أعضاء هيئة التدريس والهيئة المعاونة والطلاب عن إجراءات الكلية للمحافظة على حقوق الملكية الفكرية و الإجراءات التصحيحية ومحضر مجلس الكلية', 15, 15, 2),
(103, 'حصر نماذج  تفعيل قواعد العادلة وعدم التميز  بين الطلاب و اعضاء هيئة التدريس والهيئة المعاونة وأعضاء الجهاز الإدارى وفنيين  معامل الحاسب للعام الجامعى 2021/2022  ', 'منسق معيار القيادة والحوكمة', 'ابريل 2022', 'مايو 2022', 'نماذج من تفعيل قواعد العادلة وعدم التميز  بين الطلاب و اعضاء هيئة التدريس والهيئة المعاونة وأعضاء الجهاز الإدارى وفنيين  معامل الحاسب للعام الجامعى 2021/2022  ', 15, 15, 2),
(104, 'حصر نماذج ألية صندوق لتلقي الشكاوي ومقترحات الطلاب والرد عليها', 'منسق معيار القيادة والحوكمة', 'ابريل 2022', 'مايو 2022', 'ـ نماذج من المقترحات والشكاوى ، نماذج من المقترحات البناءة في خطط التطويروالتحسين', 15, 15, 2),
(105, 'حصر  قررات الرد على تظلمات الطلاب من درجاتهم  ومراجعة أوراق إجابتهم واعادة التصحيح للعام الجامعى 2021/2022  ', 'منسق معيار القيادة والحوكمة', 'يوليو 2022', 'يوليو 2022', 'نماذج من الرد على تظلمات الطلاب من درجاتهم  ومراجعة أوراق إجابتهم واعادة التصحيح للعام الجامعى 2021/2022  ', 15, 15, 2),
(106, 'عقد ورش عمل للتوعية بإجراءات المسائلة والمحاسية لأعضاء هيئة التدريس والهيئة المعاونة و  أعصاء الجهاز الإدارى  و الطلاب  ومطويات  توعية ', 'منسق معيار القيادة والحوكمة', 'دوريّاً', 'دوريّاً', 'مستندات ورش العمل  ـ مطويات المسائلة والمحاسبة لأعضاء هيئة التدريس والهيئة المعاونة  ـ مطوية المسائلة والمحاسبة للطلاب ', 15, 15, 2),
(107, 'حصر  نماذج تفعيل  أخلاقيات المهنية والإجراءات التي تم اتخاذها في حالة عد الالتزام بها.بين الطلاب  ', 'منسق معيار القيادة والحوكمة', 'يونيو 2022', 'يوليو 2022', '(نماذج من قرارات لجنة التأديب الأكاديمى بالكلية )', 15, 15, 2),
(108, 'حصر  نماذج تفعيل  أخلاقيات المهنية والإجراءات التي تم اتخاذها في حالة عدم  الالتزام بها.بين أعضاء هيئة التدريس والهيئة المعاونة  والجهاز الإدارى', 'منسق معيار القيادة والحوكمة', 'دوريّاً', 'دوريّاً', 'نماذج من قرارت الشئون  القانونية بالجامعة في حالة عدم  الالتزام بها.بين أعضاء هيئة التدريس والهيئة المعاونة  والجهاز الإدارى', 15, 15, 2),
(109, 'وضع آليات ضمان فصل الإدارة عن الملكية.', 'منسق معيار القيادة والحوكمة', 'يوليو 2021', 'يوليو 2021', 'وثيقة الإحاطة علما بآليات ضمان فصل الإدارة عن الملكية بجامعة 6 أكتوبر ومحضر مجلس الكلية ', 15, 15, 2),
(110, 'تجهيز تشكيل مجلس امناء جامعة 6 أكتوبر للعام الجامعى 2021/2022  ', 'منسق معيار القيادة والحوكمة', 'نوفمبر 2021', 'نوفمبر 2021', 'تشكيل مجلس امناء جامعة 6 أكتوبر للعام الجامعى 2021/2022  ', 15, 15, 2),
(111, 'تجهيز تشكيل مجلس  الكلية للعام الجامعى 2021/2022  ', 'منسق معيار القيادة والحوكمة', 'نوفمبر 2021', 'نوفمبر 2021', 'تشكيل مجلس  الكلية (يتضمن أعضاء من الخارج) للعام الجامعى 2021/2022  ', 15, 15, 2),
(112, 'مراجعة وتحديث الموقع الإلكترونى بالكلية ', 'منسق معيار القيادة والحوكمة ، منسق الموقع الإلكتروني', 'دوريّاً', 'دوريّاً', 'مخرجات الموقع الإلكترونى للكلية', 16, 16, 2),
(113, 'تحديث  دليل الطالب 2021/2022', '', 'أغسطس 2021', 'أغسطس 2021', 'دليل الطالب بكلية نظم المعلومات وعلوم الحاسب بجامعة 6 أكتوبر 2021/2022ومحضر مجلس الكلية', 16, 16, 2),
(114, 'حصر نماذج فعاليات آلية صحة المعلومات عن الكلية ', 'منسق معيار القيادة والحوكمة ، منسق الموقع الإلكتروني', 'دوريّاً', 'دوريّاً', 'نماذج من موافقات عميد الكلية على نشر المعلومات عن الكلية بالموقع الإلكترونى', 16, 16, 2),
(115, 'إجراء مراجعة وتحديث الهيكل التنظيمي العام للكلية ', 'عميد الكلية ، مدير وحدة ضمان الجودة', 'يونيو 2022', 'يوليو 2022', 'وثيقة مراجعة وتحديث الهيكل التنظيمي العام للكلية2022ومحضر مجلس الكلية ', 17, 17, 2),
(116, 'مراجعة تشكيل لجنة متابعة البحث العلمى والأنشطة العلمية بكلية نظم المعلومات وعلوم الحاسب جامعة 6 اكتوبر ', 'عميد الكلية ، مدير وحدة ضمان الجودة', 'مايو 2022', 'يونيو 2022', 'وثيقة تشكيل  ـ لجنة متابعة البحث العلمى والأنشطة العلمية   لجنة الازمات والكوارث لجنة التعليم الإلكترونى  ومحضر مجلس الكلية', 17, 17, 2),
(117, 'مراجعة تشكيل لجنة الازمات والكوارث', 'عميد الكلية ، مدير وحدة ضمان الجودة', 'مايو 2022', 'يونيو 2022', 'وثيقة تشكيل  ـ لجنة متابعة البحث العلمى والأنشطة العلمية   لجنة الازمات والكوارث لجنة التعليم الإلكترونى  ومحضر مجلس الكلية', 17, 17, 2),
(118, 'مراجعة تشكيل لجنة التعليم الإلكتروني بكلية نظم المعلومات وعلوم الحاسب جامعة  6 اكتوبر ', 'عميد الكلية ، مدير وحدة ضمان الجودة', 'مايو 2022', 'يونيو 2022', 'وثيقة تشكيل  ـ لجنة متابعة البحث العلمى والأنشطة العلمية   لجنة الازمات والكوارث لجنة التعليم الإلكترونى  ومحضر مجلس الكلية', 17, 17, 2),
(119, 'حصر  إنتاج  مقررات  التعليم الالكترونية  الحديثة  للكليه وأتاحه المقرارت للطلاب للطلاب ', 'عميد الكلية ، مدير وحدة ضمان الجودة', 'دوريّاً', 'دوريّاً', 'نماذج من  مقررات  التعليم الالكترونية  للكليه وأتاحه المقرارت للطلاب للطلاب نماذج نشر المقررات  الدراسية للطلاب على الموقع الإلكترونى ', 17, 17, 2),
(120, 'حصر نماذج الأساتذة بالكلية', 'منسق معيار القيادة والحوكمة', 'دوريّاً', 'دوريّاً', 'قرارات تعيين وإعارة  الأساتذة بالكلية', 17, 17, 2),
(121, 'إعداد نماذج من إعلان الهيكل التنظيمي ', 'رئيس لجنة التدريب والدعم الفنى والمسئولية المجتمعية', 'يوليو 2022', 'يوليو 2022', 'صورة من النشر على الموقع الإلكترونى  صورة من الإعلان على اللوحات الجدارية ', 17, 17, 2),
(122, 'عقد ورش عمل للتعريف بالتوصيف الوظيفى لأعضاء هيئة التدريس والهيئة المعاونة وأعضاء الجهاز الإدارى بالكلية', 'رئيس لجنة التدريب والدعم الفنى والمسئولية المجتمعية', 'دوريّاً', 'دوريّاً', 'مستندات ورش العمل ', 18, 18, 2),
(123, 'حصر نماذج تطبيق التوصيف الوظيفى من التعيين والنقل والإعارة والندب بالكلية للعام الجامعي 2021/2022  للفئات الأكاديمية والإدارية ', 'منسق معيار القيادة والحوكمة ', 'مارس 2022 ', 'مارس 2022 ', 'ـ نماذج من التعيين والنقل والإعارة والندب بالكلية للعام الجامعى 2021/2022  أعضاء هيئة التدريس  ـ نماذج من التعاقد مع أعضاء الهيئة المعاونة   للعام الجامعى 2021/2022  ـ نماذج من التعاقد مع أعضاء الجهاز الإدارى وفنيين المعامل   للعام الجامعى 2021/2022   ', 18, 18, 2),
(124, 'إعداد بيان بمراجعة  الكوادر البشرية بوحدة ضمان الجودة و تشكيل اللجان المختلفة بها', 'عميد الكلية ، مدير وحدة ضمان الجودة', 'أغسطس 2022', 'سبتمبر 2022', 'وثيقة بيان بمراجعة وتحديث  بالكوادر البشرية بوحدة ضمان الجودة و تشكيل اللجان المختلفة بها ومجلس الكلية  ', 19, 19, 3),
(125, 'حصر نماذج تأهيل وتدريب الكوادر البشرية بوحدة ضمان ', 'مدير وحدة ضمان الجودة', 'يونيو 2021', 'يونيو 2021', 'ـ نماذج من شهادات دورات المرجعيين   تتضمن  دورات في التقويم الذاتي والمراجعة الخارجية والتخطيط الاستراتيجي توصيف', 19, 19, 3),
(126, 'مراجعة وتحديث بيان التجهيزات وحدة ضمان الجودة', 'مدير وحدة ضمان الجودة ', 'سبتمبر  2022', 'سبتمبر  2022', 'وثيقة مراجعة وتحديث بيان تجهيزات وحدة ضمان الجودة ومحضر مجلس الكلية ', 19, 19, 3),
(127, 'تحديث ملف المتابعة والاتصال بين وحدة ضمان الجودة بالكلية و مركز ضمان الجودة بالجامعة', 'مدير وحدة ضمان الجودة', 'يونيو 2021', 'يوليو 2021', 'إستيفاء ملف المتابعة والاتصال بين وحدة ضمان الجودة بالكلية و مركز ضمان الجودة بالجامعة', 19, 19, 3),
(128, 'مراجعة وتحديث تشكيل الهيكل التنظيمى لمجلس إدارة وحدة ضمان الجودة', 'عميد الكلية ، مدير وحدة ضمان الجودة', 'سبتمبر  2022', 'سبتمبر  2022', 'ـ اللائحة الداخلية لوحدة ضمان الجودة بالكلية . وثيقة مراجعة وتحديث تشكيل الهيكل التنظيمى لمجلس إدارة وحدة ضمان الجودة ومحضر مجلس الكلية ', 20, 20, 3),
(129, 'مراجعة وتحديث تشكيل الهيكل التنظيمى للمجلس التنفيذى  لوحدة ضمان الجودة', 'عميد الكلية ، مدير وحدة ضمان الجودة', 'سبتمبر  2022', 'سبتمبر 2022', 'وثيقة مراجعة وتحديث تشكيل الهيكل التنظيمى المجلس التنفيذى لوحدة ضمان الجودة ومحضر مجلس الكلية', 20, 20, 3),
(130, 'تحديث ملف المتابعة والاتصال بين وحدة ضمان الجودة بالكلية و مركز ضمان الجودة بالجامعة يتضمن حصر نماذج الدعم الفني والمتابعة مع مركز ضمان الجودة بالجامعة', 'مدير وحدة ضمان الجودة ، رؤساء اللجان التنفيذية بوحدة ضمان الجودة', 'مايو 2021', 'يوليو 2021', 'ملف شامل المتابعة والاتصال بين وحدة ضمان الجودة بالكلية و مركز ضمان الجودة بالجامعة ـ دليل الأدوات والوسائل الدعمة والسياسات والأليات والإستبيانات من مركز ضمان الجودة بالجامعة ـ نماذج من تقارير المراجعة والمتابعة من المركز ', 20, 20, 3),
(131, 'توثيق خطة العمل السنوية لوحدة ضمان الجودة 2021 ـ 2022  ', 'مدير وحدة ضمان الجودة', 'أغسطس 2022', 'أغسطس 2022', 'وثيقة خطة العمل السنوية لوحدة ضمان الجودة 2021ـ2022  ومحضر مجلس الكلية ', 21, 21, 3),
(132, 'إعداد بيان بآليات متابعة الوحدة لتنفيذ الخطط السنوية للتقويم الذاتي والتقارير السنوية ', 'عميد الكلية ، مدير وحدة ضمان الجودة', 'سبتمبر  2022', 'سبتمبر 2022', 'وثيقة بيان آليات متابعة الوحدة لتنفيذ الخطط السنوية للتقويم الذاتي والتقارير السنوية والإجراءات التصحيحية التي تم اتخاذها وفق خطط التحسين والتعزيز ومحضر مجلس الكلية ', 21, 21, 3),
(134, 'إعداد مصفوفة متابعة  خطة العمل السنوية لوحدة ضمان الجودة 2021ـ2022  ', 'مدير وحدة ضمان الجودة ، رؤساء اللجان التنفيذية ', 'أغسطس 2022', 'أغسطس 2022', 'مصفوفة متابعة  خطط العمل السنوية لوحدة ضمان الجودة 2021ـ2022  وفقا للإطار الزمنى للتنفيذ ', 21, 21, 3),
(135, 'مراجعة ملفات اللجان المختلفة بوحدة ضمان الجودة وانشتطه لتطبيق نظم جودة التعليم ', 'رؤساء اللجان التنفيذية  ', 'دوريّاً', 'دوريّاً', 'إستيفاء شامل ملفات اللجان المختلفة بوحدة ضمان الجودة وانشطته ', 21, 21, 3),
(136, 'إعداد تقارير دورية  عن أنشطة وممارسات اللجان التنفيذية بوحدة ضمان الجودة ', 'رؤساء اللجان التنفيذية  ', 'مايو 2021', 'مايو 2021', 'ـ تقارير نصف سنوية عن أنشطة وممارسات اللجان التنفيذية بوحدة ضمان الجودة بالكلية', 21, 21, 3),
(137, 'نماذج من ورش العمل والتوعية وتطبيق نظم الجودة  الجودة التي تنفذها وحدة ضمان الجودة ', 'رئيس لجنة التدريب  والدعم الفنى والمسئولية المجتمعية', 'دوريّاً', 'دوريّاً', 'مستندات ورش العمل والتوعية وتطبيق نظم الجودة  الجودة ', 21, 21, 3),
(138, 'حصر شمولية قواعد البيانات لأنشطة الوحدة (قاعدة البيانات الالكترونية المستخدمة بوحدة ضمان الجودة )', 'رؤساء اللجان التنفيذية  ', 'دوريّاً', 'دوريّاً', 'مخرجات قواعد البيانات المركزية التي تستخدمها الوحدة (تسجيل الطلاب وغيرها )', 21, 21, 3),
(139, 'إعداد بيان بدورية الخطط السنوية للتقويم الذاتي  للكلية ', 'مدير وحدة ضمان الجودة', 'فبراير 2021', 'فبراير 2021', 'وثيقة بيان دورية الخطط السنوية للتقويم الذاتي والمراجعة والتدريب وغيرها ومحضر مجلس الكلية ', 22, 22, 3),
(140, 'إعداد خطة المراجعة الداخلية السنوية للعام الجامعى 2021/2022', 'مدير وحدة ضمان الجودة ، رؤساء اللجان التنفيذية ', 'أكتوبر 2022', 'أكتوبر 2022', 'وثيقة خطة المراجعة الداخلية السنوية للعام الجامعى 2021/2022 ومحضر مجلس الكلية ', 22, 22, 3),
(141, 'إعداد بيان بتشكيل فريق المراجعة الداخلية الذاتية ', 'عميد الكلية ، مدير وحدة ضمان الجودة', 'أكتوبر 2022', 'أكتوبر 2022', 'بيان موثق  بتشكيل فريق المراجعة الداخلية الذاتية يشمل الفئات المشاركة للعام الجامعى 2021/2022.ومحضر مجلس الكلية ', 22, 22, 3),
(142, 'إستحداث نموذج تقييم ذاتى سنوى لوحدة ضمان الجودة ', 'مدير وحدة ضمان الجودة ، رؤساء اللجان التنفيذية ', 'مارس 2021', 'مارس 2021', 'نموذج تقييم ذاتى سنوى لوحدة ضمان الجودة وفقا لمعايير الإصدار الثالث من الهيئة القومية لضمان الجودة والإعتماد  ', 22, 22, 3),
(143, 'مراجعة ملف الوسائل والادوات ونماذج العمل للمراجعة الداخلية ', 'مدير وحدة ضمان الجودة ، رؤساء اللجان التنفيذية ', 'مارس 2021', 'ابريل 2021', 'ـ نموذج إستيفاء الموارد المادية Norms  ـ نموذج مراجعة جلسة تعليمية  ـ نموذج مراجعة أعمال الطلاب  ـ نموذج تقييم امتحان تحريرى ـ نموذج استطلاع الآراء الوظيفية لاعضاء الهيئة التدريسة والجهاز الاداري  ـ نموذج استطلاع اراء الطلاب في المقررات الدراسية والهيئة التدريسة ـ نموذج استبيان تقييم البرنامج التعليمي  قائمة مراجعة البرامج التعليمى  ـ نموذج تقييم أداء اعضاء الهيئة التدريسية والقيادات الاكاديمية  ـ نموذج استبيان آراء الطلاب وجهات التدريب في التدريب الميداني  ـ نموذج تقارير المراجعة الداخلية والخارجية للبرامج التعليمية والمقررات الدراسية ـ نموذج قياس آراء الطلاب عن جودة الخدمة الجامعية  ـ نموذج استطلاع آراء الخريجين بهدف تطوير أداء الكلية في ضوء معايير الجودة والاعتماد الاكاديمي ـ نموذج استطلاع وآراء الاطراف المجتمعية والمستفيدون في مواصفات الخريج ', 22, 22, 3),
(144, 'إعداد تقرير عن  التقييم الذاتى السنوى لوحدة ضمان الجودة ', 'مدير وحدة ضمان الجودة ، رؤساء اللجان التنفيذية ', 'يونيو 2021', 'يونيو 2021', 'ـ تقرير موثق عن  التقييم الذاتى السنوى لوحدة ضمان الجودة  ـ أمثلة لأهم نتائج التقييم الذاتى  ـ نقاط القوة والتميز  ـ النقاط التى تحتاج إلى تحسين  ـ مقترحات التحسين ', 22, 22, 3),
(145, 'عرض ومناقشة تقرير  التقويم الذاتي 2021/2022 لأنشطة الكلية على الأطراف المعنية وعلى مستوى المجالس الرسمية للكلية', 'مدير وحدة ضمان الجودة ، رؤساء اللجان التنفيذية ', 'يونيو 2021', 'يونيو 2021', 'محاضر رسمية  ناقشت نتائج التقييم الذاتى  -	محاضر أجتماع مجلس أدارة الوحدة -	محاضر اجتماع المجلس التنفيذي للوحدة -	محاضر اجتماع مجلس الكلية -	نماذج من تقارير المقررات والاجراءات التصحيحة التي تم اتخادها  -	امثلة علي التحديثات التي تمت في المقررات الدراسية لمتطلبات سوق العمل  -	توصيف برنامج التدريب الميداني  -	خطة تحديث وتطوير المعامل وشراء المعامل البحثية  -	قائمة بالمراجع العلمية الحديثة المضافة الي المكتبة  -	تحديث المرافق والخدمات والتسهيلات الداعمة للتدريس والتعلم  والتقويم بالكلية  -	خطة التعيينات الجديدة بالكلية -	دليل نظام الارشاد الاكاديمي ', 23, 23, 3),
(146, 'إعداد خطة تعزيز وتحسين بناءا على نتائج التقويم الذاتي 2021/2022 ', 'مدير وحدة ضمان الجودة ، رؤساء اللجان التنفيذية ', 'يوليو 2021', 'يوليو 2021', 'وثيقة خطة تعزيز وتحسين بناءا على نتائج التقويم الذاتي 2021/2022 ومحضر مجلس الكلية ', 23, 23, 3),
(147, 'إعداد قائمة الاستفادة الكلية من نتائج التقويم الذاتي ', 'مدير وحدة ضمان الجودة ', 'يوليو 2021', 'يوليو 2021', 'وثيقة قائمة  التطوير والإجراءات التصحيحية التي اتخذت بناءً على نتائج التقييم', 23, 23, 3),
(148, 'حصر نماذج من تطوير العملية التعليمية، والبحثية ، والخدمات المجتمعية', 'مدير وحدة ضمان الجودة ، رؤساء اللجان التنفيذية ', 'يوليو 2021', 'يوليو 2021', 'نماذج من تطوير العملية التعليمية، والبحثية ، والخدمات المجتمعية', 23, 23, 3),
(149, 'تجهيز قوائم بأعضاء هيئة التدريس  والهيئة المعاونة  ـ قوائم بأعضاء هيئة التدريس  المنتدبين ـ قوائم  أعداد الطلاب بالكلية للعام الجامعى 2021/2022', 'مدير إدارة شئون أعضاء هيئة التدريس بالجامعة , منسق معيار أعضاء هيئة التدريس والهيئة المعاونة', 'اكتوبر 2021', 'اكتوبر 2021', 'ـ قوائم أعضاء هيئة التدريس  والهيئة المعاونة  ـ قوائم بإعداد أعضاء هيئة التدريس  المنتدبين ـ قوائم  بأعداد الطلاب بالكلية للعام الجامعى 2021/2022', 24, 24, 4),
(150, 'إعداد إحصائية بنسبة أعضاء هيئة التدريس( معين ومعار + المنتدبين)  للعام الجامعى 2021/2022 تتفق مع المعدلات المرجعية 25:1  ـ 25:1', 'رئيس لجنة التخطيط وتقييم الأداء ، منسق معيار أعضاء هيئة التدريس والهيئة المعاونة.', 'اكتوبر 2021', 'نوفمبر 2021', 'وثيقة إحصائية إحصائية بنسبة أعضاء هيئة التدريس( معين ومعار + المنتدبين) للعام الجامعى 2021/2022 ومحضر مجلس الكلية ', 24, 24, 4),
(151, 'إعداد إحصائية بنسب أعضاء هيئة التدريس إلى الطلاب موزعة حسب المستوى الدراسي للعام الجامعى 2021/2022 ', 'رئيس لجنة التخطيط وتقييم الأداء ، منسق معيار أعضاء هيئة التدريس والهيئة المعاونة.', 'اكتوبر 2021', 'نوفمبر 2021', 'وثيقة إحصائية بنسب أعضاء هيئة التدريس إلى الطلاب موزعة حسب المستوى الدراسي للعام الجامعى 2021/2022 ومحضر مجلس الكلية', 24, 24, 4),
(152, 'إعداد إحصائية بنسبة أعضاء هيئة التدريس إلى الطلاب موزعة حسب التخصصات العلمية وحسب الفئة والنوع  بالكلية ( معينين + منتدبين ) للعام الجامعى 2021/2022 ', 'رئيس لجنة التخطيط وتقييم الأداء ، منسق معيار أعضاء هيئة التدريس والهيئة المعاونة.', 'اكتوبر 2021', 'نوفمبر 2021', 'وثيقة إحصائية أعداد الطلاب وأعضاء هيئة التدريس والهيئة المعاونة  موزعة على الأقسام العلمية / التخصص على رأس العمل والمنتدبين  والنسبة إلى الطلاب للعام الجامعى   2021/2022 ومحضر مجلس الكلية ', 24, 24, 4),
(153, 'تحديث السير الذاتية لأعضاء هيئة التدريس والهيئة المعاونة ', 'منسق لجنة الموقع الإلكتروني للكلية ، منسق معيار أعضاء هيئة التدريس والهيئة المعاونة ', 'دوريّاً', 'دوريّاً', 'مخرجات تحديث السير الذاتية لأعضاء هيئة التدريس والهيئة المعاونة من الموقع الإلكتروني للكلية ', 24, 24, 4),
(154, 'حصر تعاقدات أعضاء هيئة التدريس  والهيئة المعاونة بالكلية للعام الجامعى 2021/2022', 'مدير إدارة شئون أعضاء هيئة التدريس بالجامعة , منسق معيار أعضاء هيئة التدريس والهيئة المعاونة', 'سبتمبر 2021', 'سبتمبر 2021', 'قرارات التعاقد مع  أعضاء هيئة التدريس  والهيئة المعاونة بالكلية للعام الجامعى 2021/2022', 25, 25, 4),
(155, 'حصر تعينات خريجى الكلية تنفيذا لخطة تعيين المعيدين للعام الجامعى 2021/2022', 'مدير إدارة شئون أعضاء هيئة التدريس بالجامعة , منسق معيار أعضاء هيئة التدريس والهيئة المعاونة', 'سبتمبر 2021', 'سبتمبر 2021', 'تكليف سنوى للخريجين الأوائل للعام الجامعى 2021/2022', 25, 25, 4),
(156, 'مراسلة الأقسام العلمية لتحديد مدى ملائمة التخصص لأعضاء هيئة التدريس بالأقسام العلمية ', 'رؤساء الأقسام العلمية ، منسق معيار أعضاء هيئة التدريس والهيئة المعاونة ', 'اغسطس 2021', 'اغسطس 2021', 'إستيفاء نماذج تحديد مدى ملائمة التخصص لأعضاء هيئة التدريس من الأقسام العلمية', 26, 26, 4),
(157, ' إعداد بيان بملائمة التخصص العلمي لكل عضو هيئة تدريس مع المقررات في كل برنامج تعليمى والتى يقوم بتدريسها  للفصل الدراسى الاول والثانى للعام الجامعى 2021/2022', 'رؤساء الأقسام العلمية ، منسق معيار أعضاء هيئة التدريس والهيئة المعاونة ', 'مارس 2022', 'ابريل 2022', ' وثيقة إعداد بيان بملائمة التخصص العلمي لكل عضو هيئة تدريس مع المقررات في كل برنامج تعليمى والتى يقوم بتدريسها للفصل الدراسى الاول والثانى للعام الجامعى 2021/2022 ومحضر مجلس الكلية', 26, 26, 4),
(158, 'تصميم نموذج أعباء  العمل لعضو هيئة التدريس والهيئة المعاونة بالكلية ', 'رؤساء الأقسام العلمية ', 'ابريل 2022', 'ابريل 2022', 'نموذج يحدد أعباء العمل لعضو هيئة التدريس والهيئة المعاونة بالكلية وفقا لقانون تنظيم الجامعات ', 28, 28, 4),
(159, 'إعداد بيان بمتوسط عبء العمل لعضو هيئة التدريس والهيئة المعاونة بالكلية ', 'رؤساء الأقسام العلمية ، منسق معيار أعضاء هيئة التدريس والهيئة المعاونة ', 'يونيو 2022', 'يونيو 2022', 'وثيقة بيان بمتوسط عبء العمل لعضو هيئة التدريس والهيئة المعاونة بالكلية للعام الجامعى 2021/2022 ومحضر مجلس الكلية ', 28, 28, 4),
(160, 'تجهيز نماذج مفعلة من أعباء العمل  لأعضاء هيئة التدريس والهيئة المعاونة ', 'منسق معيار أعضاء هيئة التدريس والهيئة المعاونة ', 'يونيو 2022', 'يونيو 2022', 'تجهيز نماذج مفعلة من أعباء العمل  لأعضاء هيئة التدريس والهيئة المعاونة بالكلية للعام الجامعى 2021/2022', 28, 28, 4),
(161, 'إستطلاع آراء أعضاء هيئة التدريس والهيئة المعاونة عن الإحتياجات التدريبية لإعداد خطة التدريب لتنمية قدرات و مهارات أعضاء هيئة التدريس/ الهيئة المعاونة لعام 2021/2022', 'رئيس لجنة التدريب والدعم الفنى والمسئولية المجتمعية', 'أغسطس 2021', 'أغسطس 2021', 'نتائج إستبيانات تحديد الإحتياجات التدريبية لعام 2021/2022', 29, 29, 4),
(162, 'حصر مصادر  تحديد الإحتياجات التدريبية لإعداد خطة التوعية والتدريب بالكلية  لعام 2021/2022', 'رئيس لجنة التدريب والدعم الفنى والمسئولية المجتمعية', 'أغسطس 2021', 'أغسطس 2021', 'الاستقصاءات رضا الطلاب عن الخدمة الجامعية  ( تقييم أداء أعضاء هيئة التدريس والهيئة المعاونة ) ـ تقارير تقييم الطلاب للمقررات الدراسية ـ الاحتياجات المستقبلية للتطوير ( جودة التعليم )', 29, 29, 4),
(163, 'اعداد خطة التدريب لتنمية قدرات و مهارات أعضاء هيئة التدريس/ الهيئة المعاونة لعام 2021/2022', 'رئيس لجنة التدريب والدعم الفنى والمسئولية المجتمعية', 'أغسطس 2021', 'سبتمبر 2021', 'وثيقة خطة التدريب لتنمية قدرات و مهارات أعضاء هيئة التدريس/ الهيئة المعاونة لعام 2021/2022', 29, 29, 4),
(164, 'إعداد بيان بإسماء واعداد أعضاء هيئة التدريس والهيئة المعاونة المشاركين فى التدريب بدورات مركز ضمان الجودة بالجامعة ', 'رئيس لجنة التدريب والدعم الفنى والمسئولية المجتمعية', 'يوليو 2022', 'يوليو 2022', 'ـ بيان بإسماء واعداد أعضاء هيئة التدريس والهيئة المعاونة المشاركين ـ شهادات الدورات التدريبية أعضاء هيئة التدريس والهيئة المعاونة', 29, 29, 4),
(165, 'حصر نماذج مماراسات خطة التدريب ', 'منسق معيار أعضاء هيئة التدريس والهيئة المعاونة ', 'دوريّاً', 'دوريّاً', 'مستندات خطة التدريب (مستندات تنفيذ ورش العمل )', 29, 29, 4),
(166, 'قياس مردود أثر التدريب (أعضاء هيئة التدريس والهيئة المعاونة) للعام الجامعى 2021/2022', 'رئيس لجنة التدريب والدعم الفنى والمسئولية المجتمعية', 'يونيو 2022', 'يونيو 2022', 'نتائج تحليل استبيان مردود أثر التدريب  (أعضاء هيئة التدريس والهيئة المعاونة ) للعام الجامعي 2021/2022', 29, 29, 4),
(167, 'اعداد تقرير عن خطة التوعية والتدريب  بالكلية تتضمن (أعضاء هيئة التدريس والهيئة المعاونة) للعام الجامعى  2021/2022', 'رئيس لجنة التدريب والدعم الفنى والمسئولية المجتمعية', 'يوليو 2022', 'يوليو 2022', 'وثيقة تقرير عن ممارسات تنفيذ خطة التوعية والتدريب  بالكلية تتضمن (أعضاء هيئة التدريس والهيئة المعاونة)', 29, 29, 4),
(168, 'حصر أعدد ونسب أعضاء هيئة التدريس والهيئة المعاونة) المشاركين فى البرامج التدريبية المنفذة للعام الجامعى  2021/2022   ', 'رئيس لجنة التدريب والدعم الفنى والمسئولية المجتمعية', 'يوليو 2022', 'يوليو 2022', 'وثيقة أعدد ونسب أعضاء هيئة التدريس والهيئة المعاونة)المستفيدين من البرامج التدريبية المنفذة للعام الجامعى  2021/2022   ', 29, 29, 4),
(169, 'عقد ورش عمل التوعية  بمعايير وآليات التقييم الأداء  السنوى لأعضاء هيئة التدريس والهيئة المعاونة', 'رئيس لجنة التدريب والدعم الفنى والمسئولية المجتمعية , منسق معيار أعضاء هيئة التدريس والهيئة المعاونة', 'دوريّاً', 'دوريّاً', 'مستندات ورش العمل ', 30, 30, 4),
(170, 'اعداد  نماذج من تطبق الجامعة لمتابعة وتقييم الأداء السنوى لأعضاء هيئة التدريس والهيئة المعاونة للعام الجامعى 2021/2022', 'رؤساء الأقسام العلمية ، رئيس لجنة التخطيط وتقييم الأداء ، منسق معيار أعضاء هيئة التدريس والهيئة المعاونة ', 'يونيو 2022', 'يوليو 2022', 'نماذج من تطبق الجامعة لمتابعة وتقييم الأداء السنوى لأعضاء هيئة التدريس والهيئة المعاونة للعام الجامعى 2021/2022', 30, 30, 4),
(171, 'إستطلاع رأى الطلاب فى تقييم أداء اعضاء هيئة التدريس والهيئة المعاونة للعام الجامعى 2021/2022', '', 'ابريل 2022', 'مايو 2022', 'ـ وثيقة نتائج إستطلاع ات رأى الطلاب فى تقييم أداء اعضاء هيئة التدريس والهيئة المعاونة للعام الجامعى 2021/2022 ـ الإجراءات التصحيحية بناءا على نتائج إستطلاع ات رأى الطلاب فى تقييم أداء اعضاء هيئة التدريس والهيئة المعاونة للعام الجامعى 2021/202 ومحضر مجلس الكلية', 30, 30, 4),
(172, 'حصر وسائل الإخطار بنتائج التقييم ', 'رئيس لجنة التخطيط وتقييم الأداء ، منسق معيار أعضاء هيئة التدريس والهيئة المعاونة ', 'يوليو 2022', 'يوليو 2022', 'نماذج من  إخطار أعضاء هيئة التدريس والهيئة المعاونة بنتائج التقييم ', 30, 30, 4),
(173, 'عقد لقاءات مناقشة نتائج تقييم الأداء أعضاء هيئة التدريس والهيئة المعاونة للعام الجامعى 2021/2022', 'عميد الكلية ، وكلاء الكلية ، رؤساء الاقسام العلمية ، مدير وحدة ضمان الجودة', 'يوليو 2022', 'يوليو 2022', 'مستندات  لقاءات مناقشة نتائج تقييم الأداء أعضاء هيئة التدريس والهيئة المعاونة للعام الجامعى 2021/2022', 30, 30, 4),
(174, 'إعداد بيان بأوجه الاستفادة من نتائج التقييم أداء أعضاء هيئة التدريس والهيئة المعاونة للعام الجامعى 2021/2022 والهيئة المعاونة للعام الجامعى 2021/2022', 'رئيس لجنة التخطيط وتقييم الأداء ، منسق معيار أعضاء هيئة التدريس والهيئة المعاونة ', 'يوليو 2022', 'يوليو 2022', 'وثيقة بيان بأوجه الاستفادة من نتائج التقييم أداء أعضاء هيئة التدريس والهيئة المعاونة للعام الجامعى 2021/2022 ومحضر مجلس الكلية', 30, 30, 4),
(175, 'حصر نماذج أوجه الاستفادة من نتائج التقييم ', 'منسق معيار أعضاء هيئة التدريس والهيئة المعاونة ', 'يوليو 2022', 'يوليو 2022', 'نماذج أوجه الاستفادة من نتائج التقييم ماديا ومعنويا', 30, 30, 4),
(177, 'تصميم إستبيان حديث لقياس آراء أعضاء هيئة التدريس والهيئة المعاونة.', 'رئيس لجنة التخطيط وتقييم الأداء ، منسق معيار أعضاء هيئة التدريس والهيئة المعاونة ', 'ابريل 2022', 'ابريل 2022', 'نموذج  إستبيان حديث لقياس آراء أعضاء هيئة التدريس والهيئة المعاونة.', 31, 31, 4),
(178, 'إستطلاع آراء أعضاء هيئة التدريس والهيئة المعاونة. للعام الجامعى 2021/2022', 'رئيس لجنة التخطيط وتقييم الأداء ، منسق معيار أعضاء هيئة التدريس والهيئة المعاونة ', 'مايو 2022', 'يونيو 2022', 'نتائج إستطلاع آراء أعضاء هيئة التدريس والهيئة المعاونة. للعام الجامعى 2021/2022 ـ الإجراءات التصحيحية بناءا على إستطلاع الآراء ومحضر مجلس الكلية', 31, 31, 4),
(179, 'إعداد بيان بالاستفادة من آراء أعضاء هيئة التدريس والهيئة المعاونة للعام الجامعى 2021/2022', 'رئيس لجنة التخطيط وتقييم الأداء ، منسق معيار أعضاء هيئة التدريس والهيئة المعاونة ', 'يوليو 2022', 'يوليو 2022', 'بيان بالاستفادة من آراء أعضاء هيئة التدريس والهيئة المعاونة للعام الجامعى 2021/2022 ومحضر مجلس الكلية ', 31, 31, 4),
(180, 'حصر نماذج الاستفادة من آراء أعضاء هيئة التدريس والهيئة المعاونة', 'رئيس لجنة التخطيط وتقييم الأداء ، منسق معيار أعضاء هيئة التدريس والهيئة المعاونة ', 'يوليو 2022', 'يوليو 2022', 'نماذج من الاستفادة من آراء أعضاء هيئة التدريس والهيئة المعاونة( نماذج من مقترحات تم تنفيذها )', 31, 31, 4),
(332, '   تجهيز ممارسات خطة متابعة الخريجين ', 'رئيس لجنة متابعة الخريجين  بالكلية\r\nـ منسق معيار الطلاب والخريجون  \r\n\r\n', 'دوريا ', 'دوريا ', 'ـ نماذج من ممارسات خطة متابعة الخريجين بكلية نظم المعلومات وعلوم الحاسب  للعام الجامعى 2021/2022\r\nـ اشتراك  خريجى الكلية فى في الملتقي التوظيفي السنوي الذي تنظمه الجامعة\r\nـ إفعاليات  حفل  للخريجين يدعى لحضوره جميع الخريجين\r\nـ الاتصال والتواصل لتعزيز علاقة الخريج بالكلية والجامعة ( عن طريق وسائل التواصل الأجتماعى )\r\nـ تقديم المساعدة في تأمين فرص عمل للخريجين  تتناسب وتخصصاتهم. \r\nـ تزويد الخريجين بالجديد في مجالاتهم وتخصصاتهم لتطوير مستواهم ومهاراتهم \r\nـ دعوة الخريجين في مناسبات الكلية وبرامج نشاطاتها\r\n', 74, 74, 9),
(333, '    إعداد إحصائية بأعداد الخريجين المستفيدين من برامج التنمية المهنية ', 'رئيس لجنة متابعة الخريجين  بالكلية\r\nـ منسق معيار الطلاب والخريجون  \r\n\r\n', 'يوليو\r\n2022\r\n', 'يوليو\r\n2022\r\n', 'وثيقة إحصائية بأعداد الخريجين المستفيدين من برامج التنمية المهنية بكلية نظم المعلومات وعلوم الحاسب  للعام الجامعى 2021/2022 ومحضر مجلس الكلية', 74, 74, 9);

-- --------------------------------------------------------

--
-- Table structure for table `admins`
--

CREATE TABLE `admins` (
  `id` int(11) NOT NULL,
  `name` varchar(100) NOT NULL,
  `password` varchar(50) NOT NULL,
  `roleId` int(11) NOT NULL
) ENGINE=InnoDB DEFAULT CHARSET=utf8mb4 COLLATE=utf8mb4_general_ci;

--
-- Dumping data for table `admins`
--

INSERT INTO `admins` (`id`, `name`, `password`, `roleId`) VALUES
(34, 'Hassand', '1234', 2),
(38, 'Hassan', '1234', 1),
(42, 'editor', '1234', 3),
(52, 'tea', '1234', 3);

-- --------------------------------------------------------

--
-- Table structure for table `admin_std`
--

CREATE TABLE `admin_std` (
  `id` int(11) NOT NULL,
  `user_id` int(11) NOT NULL,
  `std_id` int(11) NOT NULL
) ENGINE=InnoDB DEFAULT CHARSET=utf8mb4 COLLATE=utf8mb4_general_ci;

--
-- Dumping data for table `admin_std`
--

INSERT INTO `admin_std` (`id`, `user_id`, `std_id`) VALUES
(57, 19, 1),
(58, 21, 1),
(59, 19, 3),
(60, 19, 2),
(61, 38, 2),
(62, 38, 1),
(66, 42, 2),
(67, 43, 1),
(74, 52, 1);

-- --------------------------------------------------------

--
-- Table structure for table `files`
--

CREATE TABLE `files` (
  `ID` int(6) NOT NULL,
  `name` varchar(50) NOT NULL,
  `size` int(11) NOT NULL,
  `downloads` int(11) NOT NULL,
  `stdID` int(11) NOT NULL,
  `pointerID` int(11) NOT NULL,
  `outputID` int(11) DEFAULT NULL
) ENGINE=InnoDB DEFAULT CHARSET=utf8mb4 COLLATE=utf8mb4_general_ci;

--
-- Dumping data for table `files`
--

INSERT INTO `files` (`ID`, `name`, `size`, `downloads`, `stdID`, `pointerID`, `outputID`) VALUES
(125, 'result.pdf', 296305, 0, 1, 3, 29),
(127, 'image_2023-03-17_201532053.png', 588661, 0, 2, 11, 68),
(128, 'result.pdf', 296305, 0, 2, 11, 69);

-- --------------------------------------------------------

--
-- Table structure for table `goals`
--

CREATE TABLE `goals` (
  `id` int(11) NOT NULL,
  `goalName` varchar(100) NOT NULL
) ENGINE=InnoDB DEFAULT CHARSET=utf8mb4 COLLATE=utf8mb4_general_ci;

-- --------------------------------------------------------

--
-- Table structure for table `pointer`
--

CREATE TABLE `pointer` (
  `id` int(11) NOT NULL,
  `pointer_name` varchar(100) NOT NULL,
  `goalName` varchar(100) NOT NULL
) ENGINE=InnoDB DEFAULT CHARSET=utf8mb4 COLLATE=utf8mb4_general_ci;

--
-- Dumping data for table `pointer`
--

INSERT INTO `pointer` (`id`, `pointer_name`, `goalName`) VALUES
(1, 'رساله ورؤيه الكليه معتمدتان ومعلنتان وشارك في وضعهما الأطراف المعنيه', 'تحليل الوضع الراهن للكلية  (التعليم والبحث العلمي وخدمة المجتمع )'),
(2, 'رساله الكليه واضحه وتعكس دورها التعليمى والبحثى', 'بيان دور  رسالة الكلية لتعكس دورها وإسهام رسالة الكلية فى تحقيق رسالة الجامعة'),
(3, 'الخطه الاستراتيجيه للكليه معتمده ومكتمله العناصر وتتسق مع استراتيجيه الجامعه', ''),
(4, 'التحليل البيئي شمل البيئه الداخليه والخارجيه وشارك فيها الأطراف المعنيه', ''),
(5, 'الأهداف الاستراتيجيه للمؤسسه معلنه وواضحه الصياغه', ''),
(6, 'الخطط التنفيذية تتضمن الأنشطة التى تحقق الأهداف الإستراتيجية', ''),
(7, ' للكلية تقارير دوريه لمتابعه وتقويم مدى تقدم الخطط التنفيذيه', ''),
(16, 'aaa', '');

-- --------------------------------------------------------

--
-- Table structure for table `pointers`
--

CREATE TABLE `pointers` (
  `id` int(11) NOT NULL,
  `admin_id` int(11) NOT NULL,
  `StdID` int(11) NOT NULL,
  `EvalpointerID` int(11) NOT NULL,
  `EvalResultID` int(11) NOT NULL,
  `rate` int(11) NOT NULL
) ENGINE=InnoDB DEFAULT CHARSET=utf8mb4 COLLATE=utf8mb4_general_ci;

-- --------------------------------------------------------

--
-- Table structure for table `role`
--

CREATE TABLE `role` (
  `id` int(11) NOT NULL,
  `name` varchar(50) NOT NULL
) ENGINE=InnoDB DEFAULT CHARSET=utf8mb4 COLLATE=utf8mb4_general_ci;

--
-- Dumping data for table `role`
--

INSERT INTO `role` (`id`, `name`) VALUES
(1, 'Admin'),
(2, 'Doctor'),
(3, 'Teacher Assistan');

-- --------------------------------------------------------

--
-- Table structure for table `standard_pointer`
--

CREATE TABLE `standard_pointer` (
  `pointerID` int(11) NOT NULL,
  `stdID` int(11) DEFAULT NULL,
  `pointerName` varchar(255) DEFAULT NULL,
  `goalname` varchar(250) NOT NULL
) ENGINE=InnoDB DEFAULT CHARSET=utf8mb4 COLLATE=utf8mb4_general_ci;

--
-- Dumping data for table `standard_pointer`
--

INSERT INTO `standard_pointer` (`pointerID`, `stdID`, `pointerName`, `goalname`) VALUES
(3, 1, 'رسالة ورؤية الكلية معتمدتان ومُعلنتان وشارك في وضعهما الأطراف المعنية', ' تحديث رؤية ورسالة الكلية  (2019ـ 2024)'),
(4, 1, 'رسالة الكلية واضحة وتعكس دورها التعليمي والبحثي', 'بيان دور  رسالة الكلية لتعكس دورها وإسهام رسالة الكلية فى تحقيق رسالة الجامعة'),
(5, 1, 'الخطة الاستراتيجية للكلية معتمدة ومكتملة العناصر وتتسق مع استراتيجية الجامعة', 'خطة   استراتيجيه للكليه (2019-2024) معتمدة من مجلسها الرسمى '),
(6, 1, 'التحليل البيئي شمل البيئة الداخلية والخارجية وشارك فيها الأطراف المعنية', 'تحليل الوضع الراهن للكلية  (التعليم والبحث العلمي وخدمة المجتمع )'),
(7, 1, 'الأهداف الاستراتيجية للمؤسسة معلنة وواضحة الصياغة', 'صياغة  ووضوح الغايات والأهداف الاستراتيجية وقابليتها للتحقق والقياس وإعلانها '),
(8, 1, 'الخطط التنفيذية تتضمن الأنشطة التى تحقق الأهداف الإستراتيجية', 'خطط تنفيذية لتطبيق لإستراتيجية الكلية 2019ـ 2024'),
(9, 1, 'للكلية تقارير دورية لمتابعة وتقويم مدى تقدم الخطط التنفيذية', 'توافر تقارير دورية للخطط التنفيذية'),
(11, 2, 'القيادات الأكاديمية والإدارية مختارة وفقاً لمعايير موضوعية ومعلنة وآليات ذات شفافية وتحقق تكافؤ الفرص وتداول السلطة.', 'التوعية وتفعيل معايير لاختيار القيادات الأكاديمية والإدارية'),
(12, 2, 'القيادات الحالية والمحتملة يتم تنمية قدراتها والعمل على تكوين كوادر جديدة من القيادات.', 'تنمية قدرات القيادات الحالية والمحتملة'),
(13, 2, 'معايير تقييم أداء القيادات موضوعية ، وتشارك الأطراف المعنية فى عملية التقييم ، وتستخدم النتائج لتحسين الأداء المؤسسي.', 'تقييم أداء القيادات'),
(14, 2, 'لإدارة الكلية آليات فاعلة للتعامل مع مشكلات التعليم بالكلية.', 'تفعيل آليات وسياسات للتعامل مع مشاكل التعليم'),
(15, 2, 'للكلية قيم جوهرية معلنة ومتاحة للمعنيين ، وآليات فاعلة لضمان الشفافية والممارسات العادلة وعدم التمييز وتطبيق الأخلاقيات المهنية بين أفراد الكلية.', 'تطبيق  و ترسيخ القيم الجوهرية والأخلاقيات المهنية بين أفراد الكلية'),
(16, 2, 'المعلومات المعلنة عن الكلية شاملة وتغطي سائر انشتطها ، وتتضمن الكلية مصداقيتها وتحديثها.', 'تحديث موقع الكلية  الإلكترونى لتغطية  المعلومات الشاملة عن  أنشطة'),
(17, 2, 'الهيكل التنظيمي مُعتمد ومُعلن ومُلائم لحجم الكلية ونشاطها ، ويتضمن الإدارات الأساسية اللازمة لتحقيق رسالتها وأهدافها.', 'تحديث الهيكل التنظيمي للكلية ليلائم حجم الكلية وأنشطاتها'),
(18, 2, 'التوصيف الوظيفي معتمد و معلن.', 'تطبيق التوصيف الوظيفى لكافة الفئات الأكاديمية '),
(19, 3, 'وحدة لضمان الجودة يتوفر لها الكوادر المؤهلة والتجهيزات الملائمة ، ويشارك فيها ممثلون عن مختلف الفئات بالمؤسسة ويُراعى تباين الخبرات والمهارات لتغطية المهام المتعددة.', 'تعزيز الكوادر المؤهلة والتجهيزات الملائمة لوحدة ضمان الجودة'),
(20, 3, 'اللائحة الداخلية لوحدة ضمان الجودة ذا تبعية وعلاقات واضحة ، وتحدد علاقة الوحدة بالوحدة الرئيسية لضمان الجودة بالجامعة ، بما يسهم فى تفعيل دورها ويساند انشطتها.', 'تعزيز الهياكل التنظيمية وتشكيلات وحدة ضمان الجودة  والمتابعة  بين وحدة ضمان الجودة بالكلية ومركز ضمان الجودة  بالجامعة'),
(21, 3, 'لوحدة ضمان الجودة خطط وتقارير سنوية عن نشاطها ، وقواعد بيانات لأنشطتها.', 'إعداد خطة العمل السنوية وتقارير نصف سنوية عن أنشطة وممارسات اللجان التنفيذية بوحدة ضمان الجودة بالكلية وإستخدام قواعد البيانات'),
(22, 3, 'تقويم أنشطة الكلية يتم بصفة دورية باستخدام مؤشرات أداء موضوعية ، وأدوات ملائمة ، ومراجعات داخلية وخارجية.', 'تقويم ذاتى دورى لأنشطة الكلية '),
(23, 3, 'نتائج تقويم أنشطة الكلية تُناقَش مع المعنيين وفي مجالسها الرسمية ، ويُستفاد منها فى توجيه التخطيط واتخاذ الإجراءات التصحيحية والتطوير.', 'عرض ومناقشة نتائج التقويم الذاتي'),
(24, 4, 'نسبة أعضاء هيئة التدريس والهيئة المعاونة إلى الطلاب على مستوى المؤسسة والأقسام العلمية تتفق مع المعدلات المرجعية لنوع وطبيعة البرامج التعليمية المقدمة بالكلية.', 'توافق  نسبة  أعداد أعضاء هيئة التدريس والهيئة المعاونة إلى الطلاب على المستوى العام للكلية  وفقا للمعايير المرجعية  القياسية الصادرة عن الهيئة.   توافق نسبة  أعداد أعضاء هيئة التدريس والهيئة المعاونة إلى الطلاب على مستوى التخصص'),
(25, 4, 'للكلية آليات للتعامل مع العجز أو الفائض في أعضاء هيئة التدريس والهيئة المعاونة.', 'تطبق الكلية آليات معتمدة للتعامل مع العجزأو فائض في أعداد أعضاء هيئة التدريس والهيئة المعاونة في أي من التخصصات'),
(26, 4, 'التخصص العلمي لأعضاء هيئة التدريس ملائم للمقررات الدراسية التي يشاركون فى تدريسها.', 'ملائم التخصص العلمى لأعضاء هيئة لتدريس المقررات الدراسية'),
(28, 4, 'أعباء العمل تتيح لأعضاء هيئة التدريس والهيئة المعاونة القيام بالمهام التدريسية والبحثية والادارية وغيرها بكفاءة.', 'أعباء عمل تتيح لأعضاء هيئة التدريس والهيئة المعاونة للقيام بالمهام التدريسية والبحثية والادارية بكفاءة.'),
(29, 4, 'الإحتياجات التدريبية لأعضاء هيئة التدريس والهيئة المعاونة تحدد بصورة دورية ، وتتخذ الإجراءات الملائمة لتنفيذ البرامج التي تلبي الاحتياجات التدريبية لكل فئة.', 'برامج تدريبية بناءً على الإحتياجات التدريبية لتنمية قدرات أعضاء هيئة التدريس والهيئة المعاونة'),
(30, 4, 'معايير تقييم أداء أعضاء هيئة التدريس والهيئة المعاونة موضوعية ، وتخطرهم القيادة بنتائج التقييم ، وتناقشهم فيها عند الضرورة ، وتستخدم النتائج لتحسين الأداء.', 'تطبيق معايير وآليات تقييم أداء أعضاء هيئة التدريس والهيئة المعاونة'),
(31, 4, 'للكلية وسائل مناسبة لقياس آراء أعضاء هيئة التدريس والهيئة المعاونة واتخاذ الاجراءات اللازمة لدراستها ، والاستفادة من النتائج فى إتخاذ الإجراءات التصحيحية.', 'قياس آراء أعضاء هيئة التدريس والهيئة المعاونة والاجراءات اللازمة و الاستفادة منها'),
(36, 5, 'الجهاز الإداري ملائم مع حجم وطبيعة أنشطة الكلية والعاملون موزعون وفقا لمؤهلاتهم وقدراتهم على الوظائف المختلفة وبما يتناسب مع مهام الوظيفة وتوجد آليات للتعامل مع النقص والزيادة فى أفراده.', 'جهاز الإدارى وفنىن  لمعامل الحاسب ملائم مع حجم وطبيعة أنشطة الكلية'),
(37, 5, 'الإحتياجات التدريبية للعاملين تحدد بصورة دورية ، وتُتخذ الإجراءات الملائمة لتنفيذ البرامج التي تلبي الاحتياجات التدريبية لكل فئة.', 'برامج تدريبية   للجهاز الإدارى وفنىن  لمعامل الحاسب وفقا الإحتياجات التدريبية للعاملين تحدد بصورة دورية وقياس مردود اثر التدريب'),
(38, 5, 'للكلية نظام لتقييم أداء أعضاء الجهاز الإداري يتضمن معايير موضوعية ومعلنة ، وتخطرهم القيادة بنتائج التقييم ، وتناقشهم فيها عند الضرورة وتحرص على استخدام نتائج التقييم للمحاسبة ، ووضع برامج التدريب والتطوير.', 'تطبيق معايير وآليات تقييم أداء أعضاء الجهاز الإدارى وفنيين معامل الحاسب '),
(40, 5, 'للكلية وسائل مناسبة لقياس آراء أعضاء الجهاز الإداري واتخاذ الإجراءات اللازمة لدراستها ، والإستفادة من النتائج فى إتخاذ الإجراءات التصحيحية.', 'وسائل مناسبة لقياس آراء أعضاء الجهاز الإدارى واتخاذ الإجراءات التصحيحية'),
(41, 6, 'الموارد المالية للكلية كافية لطبيعة نشاطها وأعداد الطلاب، ويتم توزيعها وفقاً للاحتياجات الفعلية بما يمكن الكلية من تحقيق رسالتها وأهدافها.', 'الموارد المالية للكلية  كافية لطبيعة نشاطها وأعداد الطلاب'),
(42, 6, ' مصادر التمويل متنوعة مع وجود أدلة على زيادة معدل تنمية الموارد الذاتية للكلية.', 'تنمية الموارد الذاتية للكلية'),
(43, 6, ' مبانى والمدرجات وقاعات المحاضرات معامل الحاسب وتجهيزاتها ملائمة لطبيعة نشاط الكلية ولأعداد الطلاب، ويتوافر المناخ الصحي بالمباني.', 'إستيفاء المبانى والمدرجات وقاعات المحاضرات والدراسية معامل الحاسب وتجهيزاتها للمعدلات القياسية المرجعية '),
(44, 6, 'صيانة القاعات ومعامل الحاسب  والأجهزة والبنية التحتية والمرافق بصورة دورية.', 'متابعة صيانة القاعات ومعامل الحاسب  والأجهزة والبنية التحتية والمرافق بصورة دورية.'),
(45, 6, 'إجراءات الأمن والسلامة المتبعة في الكلية مناسبة.', 'متابعة وتنفيذ إجراءات  للمناسبة للأمن والسلامة المتبعة بالكلية'),
(46, 6, 'وسائل الإتصال والموارد والنظم التكنولوجية المستخدمة حديثة وملائمة للنشاط الأكاديمي للكلية وللعمليات الإدارية بها، للكلية موقع إلكتروني فاعل ويحدث دورياً.', 'إستخذام وسائل الإتصال وقواعد بيانات  للأنشطة  الأكاديمىة وللعمليات الإدارية بالكلية '),
(47, 6, 'المكتبة ملائمة لنشاط الكلية من حيث توافر الكتب والمراجع والتجهيزات والخدمات التي تلبي احتياجات الطلاب والباحثين، والمكتبة الرقمية متاحة للمعنيين.', 'متابعة قطاع كلية نظم المعلومات وعلوم الحاسب  بالمكتبة  المركزية (توافر الكتب والمراجع )'),
(48, 7, 'المعايير الأكاديمية المرجعية التى تبنتها الكلية من خلال المجالس الرسمية، تتوافق مع رسالة الكلية وأهدافها.', 'التوعية بكيفية تحقيق نواتج التعلم للبرنامج  مع المعايير الأكاديمية المرجعية NARS'),
(49, 7, 'البرامج التعليمية ملائمة لمتطلبات سوق العمل وفقًا لما تنطوي عليه رسالة الكلية.', 'إستحداث برامج جديدة بالكلية'),
(50, 7, 'البرامج التعليمية موصّفة ومعتمدة، وتتوافق نواتج التعلم لكل برنامج مع المعايير الأكاديمية المرجعية المتبناة.', '  توافق نواتج التعلم للبرامج التعليمية الحديثة مع المعايير الأكاديمية المرجعية المتبناة.'),
(51, 7, 'نواتج التعلم لكل برنامج تعليمي تتسق مع مقرراته الدراسية، وتوصيف المقررات يوضح طرق التدريس والتقويم التي تحقق نواتج التعلم.', 'تحقق نواتج التعلم لكل برنامج تعليمي وتتسق مع مقرراته الدراسية،'),
(52, 7, 'البرامج التعليمية والمقررات الدراسية يتم مراجعتها.', 'المراجعة الدورية للبرامج التعليمية  والمقررات الدراسية للكلية'),
(53, 7, 'للكلية تقارير سنوية للمقررات الدراسية للبرامج التعليمية بما يؤكد الإلتزام بالتوصيف المعلن للمقررات الدراسية، ويطلع عليها المعنيون، وتستفيد الكلية منها فى وضع خطط التحسين والتطوير.', 'تقارير سنوية للمقررات الدراسية للبرامج التعليمية علوم الحاسب ونظم المعلومات متابعة مؤشرات للبرامج التعليمية علوم الحاسب ونظم المعلومات'),
(54, 8, 'استراتيجية التدريس والتعلم والتقويم.', ' تحديث استراتيجية التدريس والتعلم والتقويم المستهدفة 2021ـ 2024)'),
(55, 8, 'تطبيق استراتيجية التدريس والتعلم والتقويم يدعم اكتساب مهارات التعلم الذاتي ومهارات التوظف لدى الطلاب.', 'ممارسات وفعاليات تطبيق استراتيجية التدريس والتعلم والتقويم'),
(56, 8, 'برامج التدريب للطلاب مصممة وموصفة وفقاً لنواتج التعلم المستهدفة للبرامج التعليمية ، ويتوافر لتنفيذها الآليات والموارد اللازمة.', 'برامج موصفة  لتدريب للطلاب  تحقق مخرجات التعلم '),
(57, 8, 'تقويم أداء الطلاب فى التدريب يتم بأساليب متنوعة بما يتوافق مع نواتج التعلم المستهدفة.', 'تقييم أداء الطلاب فى التدريب'),
(58, 8, 'فاعلية التدريب تقيم باستخدام أدوات ومؤشرات موضوعية، وتستخدم النتائج فى تطوير آلية التدريب وأدواته وموارده.', 'ممارسات لتقيم التدريب باستخدام أدوات ومؤشرات فاعلة'),
(59, 8, 'الدرجات المخصصة لأنواع تقويم الطلاب متوازنة مع نواتج التعلم المستهدف قياسها.', 'توازن الدرجات المخصصة لأنواع تقويم الطلاب وتحقق نواتج التعلم المستهدف قياسها.'),
(60, 8, 'عملية تقويم الطلاب تدار بكفاءة وعدالة، والامتحانات يُأمن وضعها ونسخها وتوزيعها بما يضمن سريتها.', 'إدارة إمتحانات الكلية بكفاءة و تنظم  عمل الكنترولات بما يضمن تأمين الامتحانات وضمان سريتها '),
(61, 8, 'آليات تقويم الطلاب تضمن عدالة التصحيح ودقة وضع ورصد الدرجات والاحتفاظ بالنتائج مؤمنة وقابلة للاستدعاء.', 'تفعيل آليات وإجراءات ضمان عدالة نظام الامتحانات (عدالة التصحيح ودقة رصد الدرجات والإجابات النموذجية '),
(62, 8, 'التغذية الراجعة للطلاب عن أدائهم فى التقويم تدعم تعلمهم.', 'إعلام نتائج الامتحانات المختلفة'),
(63, 8, ' نتائج تقويم الطلاب يستفاد منها فى تطوير البرامج التعليمية واستراتيجيات التدريس والتعلم والتقويم.', 'الإستفادة من نتائج تقويم الطلاب فى تطوير البرامج واستراتيجية التدريس'),
(64, 8, ' قواعد التعامل مع تظلمات الطلاب من نتائج التقويم موثقة ومعلنة، وتوجد آليات لمراقبة تطبيقها.', 'تطبيق قواعد التعامل مع تظلمات الطلاب'),
(65, 9, 'قواعد القبول وتحويل وتوزيع الطلاب على البرامج التعليمية والتخصصات واضحة وعادلة ومعلنة.', 'مراجعة واعلان قواعد القبول وتحويل وتوزيع الطلاب على البرامج التعليمية   '),
(66, 9, 'للكلية أساليب فاعلة لجذب الطلاب الوافدين.', 'أساليب فاعلة لجذب الطلاب الوافدين'),
(67, 9, 'للكلية نظام متكامل و فعّال لدعم الطلاب مادياً واجتماعياً وصحياً ويتم تعريف الطلاب به بوسائل معتمدة.', 'نظام متكامل و فعال لدعم الطلاب ماديا واجتماعيا وصحيا'),
(68, 9, 'للكلية نظام فعال للدعم الأكاديمي للطلاب وتقدم لهم خدمات التوجيه المهني.', 'نظام فعال للدعم الأكاديمى للطلاب وتقدم لهم خدمات التوجيه المهنى'),
(69, 9, 'للكلية آليات فاعلة لدمج ذوى الإحتياجات الخاصة في المجتمع الطلابي ومراعاة ملاءمة الإنشاءات والتجهيزات.', 'تجهيزات لذوى الإحتياجات الخاصة'),
(70, 9, 'وجود تمثيل للطلاب في اللجان ذات الصلة.', 'تمثيل للطلاب في اللجان ذات الصالة'),
(71, 9, 'الإنشطة الطلابية متنوعة ، وتوفر لها الكلية الموارد الملائمة من حيث الأماكن والتجهيزات والإشراف.', 'مشاركة  للطلاب فى الأنشطة الطلابية'),
(72, 9, 'للكلية وسائل مناسبة لقياس آراء الطلاب وإتخاذ الإجراءات اللازمة لقياس آراء الطلاب وإتخاذ اللازمة لدراستها والإستفادة من النتائج في إتخاذ الإجراءات التصحيحية.', 'قياس دورى لآراء الطلاب وإتخاذ اللازمة لدراستها والإستفادة من النتائج'),
(73, 9, 'للكلية آليات لمتابعة الخريجون والتواصل معهم ، وقواعد بيانات خاصة بهم تحدث بصور دورية.', 'متابعة الخريجون والتواصل معهم'),
(74, 9, 'الكلية  توفر برامج للتنمية المهنية والتعليم المستمر وفقاً لإحتياجات وتطورات سوق العمل.', 'برامج للتنمية المهنية والتعليم المستمر وفقا لإحتياجات وتطورات سوق العمل'),
(75, 10, '  خطة البحث العلمي موثقة وترتبط بخطة الجامعة وبالتوجهات القومية واحتياجات المجتمع المحيط، وتتناسب مع إمكانات الكلية.', 'متابعة خطة البحث العلمى الخمسية للكلية  2019 - 2024  '),
(76, 10, 'للكلية آليات فاعلة لنشر الوعي بأخلاقيات البحث العلمي ومراقبة تطبيقها.', 'تفعيل آليات  نشر الوعى بأخلاقيات البحث العلمى'),
(77, 10, 'الموارد المتاحة كافية لأنشطة البحث العلمي، وتعمل الكلية على تنمية مصادر التمويل، وتسعى للمشاركة في مشروعات بحثية مموّلة من مؤسسات محلية وإقليمية ودولية.', 'الموارد المالية المتاحة لأنشطة البحث العلمى'),
(78, 10, 'توافر مناخ وأساليب مفعلة لدعم البحث العلمي وتحفيزه، ولتنمية قدرات الباحثين ولتشجيع ودعم الأبحاث المشتركة بين التخصصات المختلفة والأبحاث التطبيقية.', 'أساليب مفعلة لدعم البحث العلمى وتحفيزه، ولتنمية قدرات الباحثين'),
(79, 10, 'الإنتاج البحثي للكلية فى نمو مستمر، ويتناسب مع عدد أعضاء هيئة التدريس.', 'النمو المستمر للإنتاج البحثى'),
(80, 10, 'أعضاء هيئة التدريس والهيئة المعاونة والطلاب يشاركون في الأنشطة والمشروعات والمؤتمرات العلمية والبحثية.', 'مشاركة أعضاء هيئة التدريس والهيئة المعاونة والطلاب فى الأنشطة والمشروعات والمؤتمرات العلمية والبحثية'),
(81, 10, 'للكلية قواعد بيانات للبحوث والأنشطة العلمية.', 'قواعد بيانات للبحوث والأنشطة العلمية.'),
(82, 10, 'للكلية مؤتمر علمي دوري.', 'مؤتمر علمى دورى'),
(83, 11, 'خطة مفعلة لخدمة المجتمع وتنمية البيئة.', 'متابعة خطة الكلية التنفيذية الخمسية للمشاركة المجتمعية وتنمية البيئة 2021 - 2024  '),
(84, 11, 'للكلية كيانات فعالة في مجال خدمة المجتمع وتنمية البيئة.', 'تفعيل آليات  خدمة المجتمع وتنمية البيئة'),
(85, 11, 'للكلية أنشطة متنوعة موجهة لتنمية البيئة المحيطة بها وخدمة المجتمع وتلبي احتياجاته وأولوياته.', 'أنشطة متنوعة موجهة لتنمية البيئة المحيطة بها وخدمة المجتمع وتلبى احتياجاته وأولوياته'),
(86, 11, 'للكلية آليات لتمثيل فاعل للأطراف المجتمعية في صنع القرار ودعم موارد الكلية وتنفيذ برامجها.', 'تمثيل الأطراف المجتمعية فى صنع القرار'),
(87, 11, ' للكلية وسائل مناسبة لقياس آراء المجتمع والإستفادة من النتائج في إتخاذ الإجراءات التصحيحية.', 'متابعة قياس آراء المجتمع والإستفادة من النتائج.');

-- --------------------------------------------------------

--
-- Table structure for table `standarts`
--

CREATE TABLE `standarts` (
  `StdID` int(11) NOT NULL,
  `StdName` varchar(100) NOT NULL
) ENGINE=InnoDB DEFAULT CHARSET=utf8mb4 COLLATE=utf8mb4_general_ci;

--
-- Dumping data for table `standarts`
--

INSERT INTO `standarts` (`StdID`, `StdName`) VALUES
(1, '١) معيار التخطيط الاستراتيجي'),
(2, '٢) معيار القيادة والحوكمة '),
(3, '٣) إدارة نظم الجودة والتطوير '),
(4, '٤) اعضاء هيئة التدريس والهيئة المعاونة   '),
(5, '٥) الجهاز الإدارى  '),
(6, '٦) الموارد المالية والمادية  '),
(7, '٧) المعايير الأكاديمية والبرامج التعليمية'),
(8, '٨) التدريس والتعلم والتقويم'),
(9, '٩) الطلاب والخريجون'),
(10, '١٠) البحث العلمى والأنشطة العلمية'),
(11, '١١) المشاركة المجتمعية وتنمية البيئة');

--
-- Indexes for dumped tables
--

--
-- Indexes for table `acadyear`
--
ALTER TABLE `acadyear`
  ADD PRIMARY KEY (`id`);

--
-- Indexes for table `activieminplan`
--
ALTER TABLE `activieminplan`
  ADD PRIMARY KEY (`id`);

--
-- Indexes for table `activites`
--
ALTER TABLE `activites`
  ADD PRIMARY KEY (`id`);

--
-- Indexes for table `admins`
--
ALTER TABLE `admins`
  ADD PRIMARY KEY (`id`),
  ADD UNIQUE KEY `name` (`name`);

--
-- Indexes for table `admin_std`
--
ALTER TABLE `admin_std`
  ADD PRIMARY KEY (`id`);

--
-- Indexes for table `files`
--
ALTER TABLE `files`
  ADD PRIMARY KEY (`ID`);

--
-- Indexes for table `goals`
--
ALTER TABLE `goals`
  ADD PRIMARY KEY (`id`);

--
-- Indexes for table `pointer`
--
ALTER TABLE `pointer`
  ADD PRIMARY KEY (`id`);

--
-- Indexes for table `role`
--
ALTER TABLE `role`
  ADD PRIMARY KEY (`id`);

--
-- Indexes for table `standard_pointer`
--
ALTER TABLE `standard_pointer`
  ADD PRIMARY KEY (`pointerID`),
  ADD KEY `stdID` (`stdID`);

--
-- Indexes for table `standarts`
--
ALTER TABLE `standarts`
  ADD PRIMARY KEY (`StdID`);

--
-- AUTO_INCREMENT for dumped tables
--

--
-- AUTO_INCREMENT for table `acadyear`
--
ALTER TABLE `acadyear`
  MODIFY `id` int(11) NOT NULL AUTO_INCREMENT;

--
-- AUTO_INCREMENT for table `activieminplan`
--
ALTER TABLE `activieminplan`
  MODIFY `id` int(11) NOT NULL AUTO_INCREMENT;

--
-- AUTO_INCREMENT for table `activites`
--
ALTER TABLE `activites`
  MODIFY `id` int(11) NOT NULL AUTO_INCREMENT, AUTO_INCREMENT=334;

--
-- AUTO_INCREMENT for table `admins`
--
ALTER TABLE `admins`
  MODIFY `id` int(11) NOT NULL AUTO_INCREMENT, AUTO_INCREMENT=53;

--
-- AUTO_INCREMENT for table `admin_std`
--
ALTER TABLE `admin_std`
  MODIFY `id` int(11) NOT NULL AUTO_INCREMENT, AUTO_INCREMENT=75;

--
-- AUTO_INCREMENT for table `files`
--
ALTER TABLE `files`
  MODIFY `ID` int(6) NOT NULL AUTO_INCREMENT, AUTO_INCREMENT=129;

--
-- AUTO_INCREMENT for table `goals`
--
ALTER TABLE `goals`
  MODIFY `id` int(11) NOT NULL AUTO_INCREMENT, AUTO_INCREMENT=3;

--
-- AUTO_INCREMENT for table `pointer`
--
ALTER TABLE `pointer`
  MODIFY `id` int(11) NOT NULL AUTO_INCREMENT, AUTO_INCREMENT=17;

--
-- AUTO_INCREMENT for table `role`
--
ALTER TABLE `role`
  MODIFY `id` int(11) NOT NULL AUTO_INCREMENT, AUTO_INCREMENT=4;

--
-- AUTO_INCREMENT for table `standard_pointer`
--
ALTER TABLE `standard_pointer`
  MODIFY `pointerID` int(11) NOT NULL AUTO_INCREMENT, AUTO_INCREMENT=88;

--
-- AUTO_INCREMENT for table `standarts`
--
ALTER TABLE `standarts`
  MODIFY `StdID` int(11) NOT NULL AUTO_INCREMENT, AUTO_INCREMENT=16;

--
-- Constraints for dumped tables
--

--
-- Constraints for table `standard_pointer`
--
ALTER TABLE `standard_pointer`
  ADD CONSTRAINT `standard_pointer_ibfk_1` FOREIGN KEY (`stdID`) REFERENCES `standarts` (`StdID`);
COMMIT;

/*!40101 SET CHARACTER_SET_CLIENT=@OLD_CHARACTER_SET_CLIENT */;
/*!40101 SET CHARACTER_SET_RESULTS=@OLD_CHARACTER_SET_RESULTS */;
/*!40101 SET COLLATION_CONNECTION=@OLD_COLLATION_CONNECTION */;
